Mollie Shaffer,(757) 438-7371,lorem@protonmail.com,632-9976 Etiam St.,32530,South Australia,Sweden
Karina Kemp,1-853-842-1167,interdum@hotmail.com,Ap #548-7084 Sed Rd.,58586,Cusco,Turkey
Emmanuel Kirk,(801) 140-6613,sit.amet@hotmail.couk,8314 Faucibus Ave,9698,Zachodniopomorskie,Australia
Ebony Hutchinson,(841) 453-1747,vitae.aliquam.eros@google.couk,6031 Nisi Road,6155,Burgenland,Mexico
Jorden Moon,1-632-326-4528,turpis.in.condimentum@icloud.com,149-4833 Diam Road,73569,Flevoland,United Kingdom
Baker Pitts,1-872-619-6927,nulla.interdum@outlook.net,Ap #198-8274 Adipiscing. Rd.,F14 6QR,Yaroslavl Oblast,Mexico
Brian Mack,1-632-644-4347,eu.ultrices@protonmail.com,2747 Turpis. St.,133231,Rutland,New Zealand
Kyla Riley,1-639-863-6305,quam.dignissim@hotmail.com,7936 In Street,6222,Bretagne,Russian Federation
Candice Merritt,1-667-417-0757,vitae.posuere.at@hotmail.com,2463 Nunc Av.,12-194,Quảng Ninh,Indonesia
Jarrod Harrison,1-627-775-5544,in.tempus@hotmail.couk,Ap #337-8038 Adipiscing Av.,94446,South Island,New Zealand
Victor Cain,(443) 636-9486,vulputate.posuere.vulputate@aol.org,Ap #528-251 Sit Ave,243551,Quảng Ngãi,Peru
Quentin Olson,1-656-407-2256,quisque.purus@google.com,Ap #653-928 Risus Street,02152,Missouri,Ireland
Danielle Walters,(264) 933-6874,cras.pellentesque.sed@icloud.net,7148 Vivamus Road,6435,Newfoundland and Labrador,Peru
Sebastian Peters,(560) 921-3154,praesent.interdum@outlook.com,3521 Auctor. St.,72208,Guanacaste,France
Judah Doyle,1-876-461-9578,quisque.purus.sapien@hotmail.couk,1122 Ante. Av.,7688,Provence-Alpes-Côte d'Azur,South Korea
Branden Duran,1-907-856-7677,nulla@yahoo.couk,"P.O. Box 675, 9744 Tristique Rd.",5576,Manisa,Mexico
Lael Cash,1-629-953-6928,ornare@google.org,903-6221 Quis Av.,03466,North Kalimantan,Poland
Kirk Foster,(652) 528-4337,pede.ac@google.couk,Ap #365-7398 Urna. Rd.,4538,Principado de Asturias,Indonesia
Blake Holcomb,1-536-820-2383,mollis.lectus@aol.couk,967-5855 Porttitor Rd.,A9Z 9Y5,North Chungcheong,South Korea
Kane Hopper,(616) 228-2644,arcu.vestibulum@icloud.edu,512-6927 Sem Av.,20658,Veracruz,South Korea
Blossom Key,(101) 446-2304,lacus.cras.interdum@outlook.net,"899-3998 Vitae, St.",47712-223,Hà Nam,Germany
Elizabeth Parrish,(993) 737-4352,duis.at.lacus@protonmail.net,3710 Ut St.,67227,Midi-Pyrénées,France
Quon Guthrie,1-427-223-1910,felis@hotmail.org,194-2921 Eu Street,11574,Jharkhand,Pakistan
Emerson Cleveland,(631) 678-6846,ac@outlook.org,5750 Pede Ave,75216-34543,Tver Oblast,Canada
Henry Reese,(430) 615-8141,diam.eu.dolor@google.com,308-9329 Sed Ave,28219,Antalya,Germany
Frances Hill,(465) 775-2124,ac.nulla@hotmail.com,Ap #604-6600 Sed Rd.,32134,Catalunya,Indonesia
Henry Kim,1-969-133-7861,ut.quam.vel@yahoo.net,8958 Sollicitudin Street,78429,Mississippi,Austria
Bert Macias,1-836-607-1458,sed@outlook.edu,850-892 Nunc Ave,8366,Borno,United Kingdom
Shellie Bean,1-283-915-8761,ante.dictum.cursus@aol.edu,Ap #286-7244 Aliquam Street,86697,Smolensk Oblast,Costa Rica
Cyrus Mathis,(227) 541-7137,at.nisi@outlook.edu,Ap #961-9982 Dis Ave,8208,Coahuila,Norway
Nigel Melton,1-238-351-0271,malesuada@aol.edu,Ap #943-9971 Arcu. St.,2488,Tyrol,Norway
Susan Knowles,(885) 637-6151,elementum.purus.accumsan@protonmail.net,712-4868 Sit Rd.,5425,Luik,Canada
Evelyn Mosley,1-618-224-2846,ligula.eu@icloud.ca,1429 Dolor St.,R3T 8A4,Bahia,Australia
Norman Mcintosh,(286) 237-6617,augue.scelerisque@protonmail.edu,Ap #231-7516 Malesuada St.,825288,Carinthia,Chile
Bell Mcguire,(907) 655-1117,eu.erat.semper@outlook.ca,141-3462 Dui. Rd.,30813,Papua,Chile
Dillon Ramirez,(849) 617-7265,et.commodo@protonmail.com,Ap #811-6915 Iaculis Avenue,237175,Maule,Austria
Wesley Cannon,1-387-633-4775,in.aliquet@outlook.net,Ap #866-4996 Aliquam Rd.,32-700,Zachodniopomorskie,Brazil
Dora Foley,1-646-906-9792,neque.sed.eget@aol.ca,556-9164 Semper Av.,83501,East Nusa Tenggara,Peru
Tyrone Carey,1-224-288-3462,lorem.donec@protonmail.com,"P.O. Box 196, 9604 Lectus Av.",11526,La Libertad,Costa Rica
Steel Romero,1-893-737-7287,ultrices.posuere@google.edu,4640 Nascetur Street,316729,Ulster,Spain
Lenore Mcintosh,(625) 833-5598,auctor@icloud.net,Ap #856-5022 Phasellus St.,2336,Agder,India
Oprah Gaines,(313) 520-3373,et@aol.net,Ap #649-1325 Iaculis Av.,240086,Ulster,Sweden
Hannah Hurst,(418) 538-2924,nec.ante@protonmail.ca,3771 Natoque Street,68355,Rogaland,Netherlands
Hasad Rivera,1-375-645-8325,sit.amet.lorem@aol.couk,6334 Nulla Ave,6531,Limburg,India
Timon Irwin,1-745-766-6761,arcu.vivamus@icloud.ca,660-3379 Morbi Rd.,129825,Bình Dương,China
Ezekiel Macias,1-157-121-6465,vitae@outlook.ca,509-6528 Metus. Av.,787533,East Java,Pakistan
Shelly Roach,(650) 442-4931,vitae.risus@google.com,851-1168 Mus. Av.,QI9 2RK,Sokoto,South Korea
Ria Cantrell,1-436-374-1511,cum.sociis@outlook.net,Ap #208-4706 Vitae Avenue,756541,Atlántico,Chile
Buckminster Barnett,1-741-831-8056,urna@hotmail.com,4514 Accumsan Av.,875494,FATA,Costa Rica
Aidan Marks,(772) 858-7526,ac.sem@google.ca,609-2535 At Street,55350,Luik,Spain
Oliver Quinn,1-854-735-7556,aliquet.metus@yahoo.net,Ap #240-817 Aliquam St.,2730,Samsun,Peru
Ezekiel Huff,(589) 456-7536,nisi.dictum@hotmail.edu,"8808 Nec, Rd.",88752,Puntarenas,Russian Federation
Simone Rasmussen,1-667-822-5071,lobortis@outlook.edu,215-7595 Fermentum Rd.,14589,South Jeolla,Russian Federation
Denise Christian,(632) 787-5950,fermentum.risus@aol.edu,8041 Amet Street,12105,Munster,Indonesia
Jordan Richmond,(855) 346-1444,phasellus@yahoo.ca,Ap #883-4948 Auctor Av.,226236,Xīnán,Canada
Brenda Mercado,1-267-625-8567,pretium.et@hotmail.ca,"888-6510 At, St.",704185,Western Australia,India
Faith Davidson,1-232-516-6731,nunc@protonmail.com,7329 Consectetuer Rd.,31721,Toscana,Pakistan
Herman Kennedy,(517) 470-8718,gravida.sagittis@google.net,518-2776 Arcu. St.,388640,Andalucía,Poland
Adrian Jackson,1-745-532-6611,libero@yahoo.couk,591-5429 Nam Ave,161284,Flevoland,Netherlands
Lawrence Bartlett,1-969-637-9519,parturient@hotmail.ca,"Ap #679-7632 Erat, Rd.",764377,Lorraine,Australia
Blythe Peck,(462) 135-5564,scelerisque.mollis@yahoo.com,"P.O. Box 571, 3459 Maecenas Avenue",86328,Munster,Brazil
Nayda Dickerson,1-752-244-7767,vitae.erat.vel@outlook.net,"P.O. Box 551, 8595 Nunc Street",U5Y 2T2,Innlandet,Turkey
Deborah Saunders,(748) 211-2274,aliquam.rutrum@google.couk,868-4051 Placerat St.,607356,Arunachal Pradesh,Vietnam
Blossom Cantrell,1-678-247-3787,turpis.egestas@google.ca,"P.O. Box 908, 5339 Lobortis Rd.",92-794,Osun,Ireland
Melinda Warren,1-392-759-4516,lectus@google.com,8059 Arcu. Street,515146,Saskatchewan,Mexico
Freya Sargent,1-868-597-8456,lacus@icloud.edu,"P.O. Box 674, 401 Nam St.",68055,Texas,Belgium
Honorato Manning,1-447-868-4756,etiam@aol.net,Ap #441-9962 Vitae St.,I5I 3ND,South Island,Netherlands
Maggy Daniels,1-915-963-5829,tincidunt.congue@google.org,"P.O. Box 164, 2461 Nunc Av.",50204,Rio de Janeiro,Indonesia
Kelsie Perry,(436) 333-8098,montes.nascetur@yahoo.edu,"527-9074 Orci, Av.",50207,Casanare,Indonesia
Shay Simon,1-137-420-5272,risus.donec@protonmail.ca,7183 Urna Street,96-025,Östergötlands län,Spain
Owen Mcmahon,(806) 187-7171,velit.aliquam@yahoo.edu,"P.O. Box 147, 2097 Enim. Ave",8613 RR,Astrakhan Oblast,Norway
Henry Vega,(641) 465-6433,erat.vivamus@icloud.couk,Ap #391-7322 Arcu Rd.,DN5K 7PH,Newfoundland and Labrador,Australia
Rae Bates,(373) 812-7992,tristique.senectus@outlook.com,"P.O. Box 612, 3169 Diam Rd.",788676,Midi-Pyrénées,Austria
Ebony Wolfe,(696) 438-5450,consectetuer.rhoncus.nullam@google.org,Ap #773-9991 Egestas St.,13161,Xīběi,United States
Ursula Clayton,1-633-678-9974,inceptos.hymenaeos@yahoo.org,Ap #982-6384 Donec Rd.,73416,Araucanía,Norway
Paula Barron,(980) 381-7583,lobortis.quam@aol.net,Ap #345-1078 Neque St.,811578,Indiana,China
Ciaran Townsend,1-744-430-6854,amet.diam@icloud.edu,561-8722 Ipsum. St.,628637,Diyarbakır,Austria
Leigh Adams,1-500-304-7227,ut@icloud.edu,"P.O. Box 212, 8721 Neque Street",624334,Carmarthenshire,Netherlands
Bryar Soto,(653) 678-5715,nonummy.ipsum@outlook.ca,"P.O. Box 810, 582 Non Rd.",21581,Luxemburg,Canada
Cooper Huffman,(639) 360-3386,diam.pellentesque@outlook.couk,5353 Nunc Rd.,12166-52229,South Jeolla,United Kingdom
Adrian Delaney,(742) 860-1450,lacus.quisque@outlook.edu,Ap #417-6733 Adipiscing Street,347743,Newfoundland and Labrador,Colombia
Warren Boyer,(693) 857-2531,sed.consequat.auctor@yahoo.edu,Ap #453-3370 Mauris St.,45325,Queensland,Vietnam
Steven Sampson,(217) 260-9339,consequat@google.net,"P.O. Box 770, 6768 Fermentum St.",216626,Tây Ninh,South Korea
Candace Dawson,(172) 452-9056,risus.nunc@icloud.edu,Ap #589-5395 Lacus. Street,R5 6LB,Vĩnh Phúc,Austria
Vladimir Burke,(166) 473-0666,vulputate.posuere.vulputate@hotmail.edu,Ap #408-2260 Eget Street,9846,Novgorod Oblast,Sweden
Meredith Blair,(536) 855-4765,consequat.auctor.nunc@google.ca,"7852 Dui, Ave",65947,Stockholms län,Peru
Rosalyn Giles,1-116-375-7137,a.felis@hotmail.couk,868-7001 Eleifend. St.,73706,Carinthia,Mexico
Whitney Carpenter,(817) 313-3819,odio.auctor.vitae@yahoo.com,6455 Eu St.,240923,Haryana,Nigeria
Trevor Cobb,1-646-881-7170,donec.porttitor@yahoo.org,902-6089 Fermentum Rd.,34343,Podkarpackie,Peru
Tobias Wiley,(100) 330-7754,velit.sed@yahoo.org,8393 Dictum Avenue,61786-302,Coquimbo,Turkey
Emerald Webster,(663) 675-3332,primis.in@google.com,Ap #312-4527 Lacinia Street,7126,Paraíba,Australia
Audrey Mejia,(307) 882-4141,cursus.non@hotmail.couk,Ap #758-1284 Est. Road,6458,Glamorgan,India
Gary Dillard,(254) 163-6914,eu.odio.phasellus@protonmail.ca,Ap #777-950 Nulla Ave,2173,Sindh,Belgium
Daquan Mayo,(721) 722-3632,eros.nam@hotmail.couk,538-7057 Ut Avenue,17567,Lima,New Zealand
Curran Porter,(438) 664-5428,urna.nullam@protonmail.com,888-2189 Vestibulum Street,74-629,Nevada,Pakistan
Samuel Mcknight,(734) 578-5506,in.mi@yahoo.couk,"Ap #325-3769 Et, St.",58275-901,Huáběi,Sweden
Xantha Hyde,1-811-246-0315,tincidunt@google.org,327-8846 Consequat Ave,41210,Rivers,Ireland
Samuel Tucker,(588) 288-8048,aliquet.nec.imperdiet@google.couk,413-5166 Laoreet St.,81468,Junín,Canada
Hedley Solomon,(373) 435-7532,dui.cum@protonmail.ca,"P.O. Box 514, 5964 Magna. Rd.",31211,Lubuskie,India
Talon Petersen,1-571-613-8360,pellentesque@protonmail.couk,Ap #668-2274 Sagittis Road,10548,Maranhão,Sweden
Lynn Ball,1-903-547-4667,tristique@google.edu,959-6696 Mauris Street,570085,Trøndelag,Mexico
Kyle Conway,(697) 838-2720,nostra.per@icloud.net,"P.O. Box 351, 3362 Egestas. Rd.",67371,Bahia,Turkey
Ralph Chapman,1-672-688-5059,maecenas.ornare.egestas@icloud.ca,259-9269 Erat. Av.,R5K 6P7,Cajamarca,United States
Fletcher Webb,(310) 382-3164,fringilla.cursus@outlook.net,"P.O. Box 212, 5428 Neque Rd.",5181,Berlin,Belgium
Caesar Jimenez,1-564-883-1522,malesuada@icloud.net,5058 Convallis Rd.,24254,Sicilia,Sweden
Jamalia Wood,1-767-255-4822,pellentesque.sed@yahoo.edu,434-8701 Sit St.,364654,Nova Scotia,Canada
Chandler Ballard,1-567-585-3312,aenean.egestas.hendrerit@outlook.org,Ap #729-1286 Amet Rd.,23407,Antofagasta,Belgium
Merrill Horn,(806) 608-6157,mauris.erat@icloud.net,"Ap #492-9769 Odio, Road",2685,Delhi,Canada
Farrah Dorsey,1-710-750-8977,fermentum.fermentum.arcu@hotmail.ca,"P.O. Box 699, 3057 Etiam Rd.",1112,Phú Thọ,Mexico
Roary Lindsey,(718) 547-2209,aliquet.nec@protonmail.couk,"674-4110 Id, Ave",81783,Innlandet,France
Marvin Simmons,(592) 951-4326,elementum.at.egestas@hotmail.couk,Ap #554-5070 Luctus Street,58931-302,North Gyeongsang,Germany
Asher Farmer,1-542-486-4621,vitae.sodales@aol.net,Ap #469-8847 Tempus Street,77396,Dalarnas län,India
Vielka Romero,(344) 286-7880,ante@icloud.com,Ap #181-2973 Sodales Av.,158382,Uttarakhand,Netherlands
Lydia Barnett,1-745-384-1147,egestas.nunc@icloud.ca,261-8833 Ac Ave,8271 WO,Upper Austria,Belgium
Catherine Alvarez,(967) 311-5061,a.facilisis.non@icloud.com,Ap #102-9348 At Rd.,393218,Casanare,Sweden
Rhea Ingram,1-673-717-5051,interdum.sed@yahoo.ca,3058 Tincidunt Street,7031,Ulyanovsk Oblast,Australia
September Martinez,(551) 665-1036,ipsum.dolor.sit@hotmail.com,"Ap #543-9452 Orci, Rd.",45197,Colorado,Chile
Lucy Duke,1-349-294-5187,lorem.donec.elementum@outlook.couk,Ap #549-1840 Quisque Street,651271,Trøndelag,Italy
Eve Beach,(436) 297-8960,erat.nonummy.ultricies@yahoo.edu,"P.O. Box 223, 4421 Nulla. Avenue",2818,Arica y Parinacota,New Zealand
Erin Patrick,(427) 417-7223,sed@yahoo.com,"Ap #749-1983 Tincidunt, Rd.",87761-88937,Istanbul,South Korea
Jesse Lawson,1-298-916-5236,augue.eu.tellus@google.couk,907-1292 Et Ave,304375,Goa,United States
Libby Barron,1-473-315-8335,sed@yahoo.edu,"P.O. Box 164, 725 Molestie Ave",3037,Cantabria,United States
Mufutau Whitney,1-614-466-2542,pede@outlook.org,525-2101 Aliquam Avenue,12833,Guerrero,Spain
Wade Mcdonald,1-497-346-5227,dapibus@aol.net,"P.O. Box 469, 3401 Cras Ave",5076,Connacht,Poland
Yvonne Bennett,1-485-261-0145,ultrices.duis.volutpat@google.net,Ap #706-7130 Nunc. St.,3358,Bengkulu,United Kingdom
Leroy Sullivan,(680) 118-5975,magna@icloud.ca,814-8427 Nec Street,536386,Limburg,Germany
Barry Alvarez,(155) 576-6756,orci.donec@protonmail.couk,"P.O. Box 686, 7209 Risus Ave",48158,Caldas,New Zealand
Kyra Jimenez,(652) 211-4951,et.lacinia@hotmail.couk,Ap #899-7634 Dignissim. Road,6438,Île-de-France,Costa Rica
Nelle Dejesus,(446) 721-2615,odio@protonmail.ca,Ap #316-6252 Velit. Rd.,21123,Tasmania,Vietnam
Oscar Freeman,1-693-445-8401,dui.suspendisse@icloud.couk,Ap #277-6518 Quis Avenue,88131-688,Oaxaca,Poland
Charde Osborne,1-438-994-1270,non.egestas.a@protonmail.org,2702 Eleifend Ave,896405,San Andrés y Providencia,Indonesia
Hyatt Glenn,(385) 892-7574,arcu.morbi.sit@icloud.ca,"Ap #516-9407 Eu, St.",7431,Connacht,Poland
Nita Hahn,1-336-681-3557,phasellus.dapibus@hotmail.edu,342-8632 Dolor Rd.,96119,Overijssel,Netherlands
Vanna Guthrie,1-599-452-2738,sapien.cursus@hotmail.org,"1309 Ac, Ave",21260,Diyarbakır,Turkey
Patrick Edwards,(714) 341-1998,venenatis@outlook.ca,Ap #465-102 Ipsum Rd.,Y2N 6M2,Vlaams-Brabant,Austria
Reece Parker,1-630-531-6647,ridiculus@icloud.couk,Ap #564-4435 Eget Avenue,7482,Bremen,Spain
Ora Sims,(166) 435-1626,mauris.eu.turpis@google.com,490-132 Velit Street,67507,Ulster,Peru
Coby Townsend,(583) 938-3778,vehicula@icloud.net,"P.O. Box 703, 9836 Nibh Avenue",72516,Los Ríos,China
Fredericka Coleman,(785) 515-6848,neque.morbi.quis@outlook.edu,"2948 Amet, Street",2752,Manisa,Indonesia
Leslie Benjamin,1-938-122-2726,orci.ut@icloud.net,"P.O. Box 669, 6101 Nunc Rd.",23246,Utrecht,Costa Rica
Colleen Mcbride,1-207-214-7688,gravida@hotmail.org,Ap #281-326 Nulla. Street,7438,Wielkopolskie,Norway
Libby Byrd,1-995-308-9295,a.odio@hotmail.couk,6341 Interdum. St.,3226,Aisén,Pakistan
Salvador Gilliam,(830) 561-3640,ante.vivamus@google.ca,Ap #682-2212 Ac Street,608412,Pará,Ireland
Rafael Mccall,(753) 671-6294,est.nunc@hotmail.edu,724-8093 Convallis St.,T6X 5G4,Ulster,United Kingdom
Hilel Parsons,1-432-391-8675,nec.quam.curabitur@aol.ca,"609-5373 Non, Avenue",87572,Pernambuco,Turkey
Hamilton Hampton,(326) 410-3643,et.rutrum.non@aol.ca,9223 Quis Av.,2242,Paraíba,France
Kalia Carpenter,1-514-333-6555,feugiat@hotmail.org,442-3530 Nisi. St.,65793,Morelos,United States
Hollee Guerra,1-182-268-5411,vestibulum.lorem.sit@aol.com,"241-2676 Imperdiet, Rd.",365738,North Sulawesi,Nigeria
Morgan Mueller,1-653-367-4548,accumsan.laoreet@hotmail.edu,9019 Dignissim Av.,683656,Bali,Vietnam
Chava Murphy,(443) 631-7273,molestie.pharetra@icloud.ca,Ap #858-1866 Orci Road,91622,Murcia,Canada
Sigourney Pennington,(564) 557-3620,rutrum.urna@outlook.couk,"681-4750 Mauris, St.",25095,Gia Lai,United States
Kylie Jones,(829) 380-7991,vitae.aliquet@aol.ca,"P.O. Box 624, 1332 Sit Rd.",824941,Galicia,United States
Salvador Banks,(570) 371-4573,hymenaeos.mauris@aol.org,798-7053 Nec Rd.,66613,Jönköpings län,Norway
Lani Shepherd,(881) 623-4818,et.pede.nunc@yahoo.com,"P.O. Box 893, 7389 Velit Rd.",84-477,Balıkesir,India
Freya Hughes,(438) 651-4391,ullamcorper.duis.cursus@outlook.ca,8467 Diam Avenue,58283-041,Puntarenas,Poland
Clementine Blankenship,1-681-122-5365,quis.accumsan@google.com,Ap #265-4614 Nam Road,886381,Viken,China
Fritz Nunez,1-853-810-8441,eu.tempor@aol.com,436-402 Nulla St.,3986 LB,Niger,New Zealand
Roanna Glenn,1-551-385-9673,felis.eget@icloud.org,6078 Erat St.,2472,Oost-Vlaanderen,New Zealand
Echo Gross,(462) 867-3782,rutrum.justo.praesent@protonmail.couk,Ap #525-1424 Neque St.,2599,South Chungcheong,Ireland
Paki Hays,1-491-916-6231,elit@icloud.ca,325-529 Vitae St.,68912,Oaxaca,India
Slade Simmons,1-662-253-1129,nec@protonmail.org,711-3064 Ornare. Ave,3128,Piemonte,Italy
Baker Gordon,(277) 405-8529,sit.amet@hotmail.net,"513-9539 Vulputate, Avenue",71262-36008,Friuli-Venezia Giulia,Costa Rica
Emerson Blankenship,1-436-824-2862,consectetuer.ipsum@hotmail.org,Ap #255-6917 Nam Street,665713,Alaska,Ireland
Miranda Cox,(229) 617-5851,nunc.sed@aol.net,9861 Sit Rd.,49070,Vienna,France
Glenna Booth,(162) 151-2242,eu.eros.nam@aol.couk,8401 Tincidunt Ave,747937,Noord Brabant,Norway
Alice Delacruz,(467) 886-9448,dictum.placerat@google.couk,Ap #351-4509 Ligula. St.,101741,Troms og Finnmark,South Korea
Isabelle Cannon,1-176-257-1623,ullamcorper@yahoo.ca,"Ap #834-8920 Est, St.",83126-75346,Kincardineshire,Italy
Ira Maynard,1-874-581-2628,tortor.nibh.sit@aol.org,924-4863 Mi Ave,89648-328,Munster,Colombia
Moana Washington,1-772-524-4864,non@protonmail.net,827-4918 Gravida St.,P1G 5UT,West-Vlaanderen,Sweden
Vanna Cohen,1-955-192-2342,luctus.sit@yahoo.org,354-7716 Vitae St.,931645,Voronezh Oblast,Canada
Ifeoma Galloway,(732) 235-8572,aliquam.enim@google.com,354-3106 Habitant Rd.,345201,Piura,Italy
Anne Emerson,1-417-371-6847,enim@outlook.ca,Ap #869-935 Semper St.,76786-481,Centre,Australia
Hyatt Blankenship,(338) 252-9874,imperdiet.non@outlook.edu,Ap #764-6234 Tellus. Rd.,620748,Vienna,China
Olympia Bartlett,(598) 256-8776,dui.suspendisse@aol.net,8496 Vivamus Av.,7592,Puno,Vietnam
Wilma Franco,1-194-842-1162,arcu@yahoo.edu,917-2197 Fusce Av.,4289,Sakhalin Oblast,Canada
Breanna Suarez,1-883-736-2339,aliquet.vel@outlook.couk,476-7178 Tincidunt Ave,N5V 2DU,Kaduna,United States
Dean House,1-183-208-5383,eu.elit@yahoo.ca,7130 Mauris Road,433464,Paraná,Spain
Sasha Dillard,1-279-662-4481,placerat.velit.quisque@protonmail.org,"569 Ante, Rd.",25718,Baden Württemberg,United Kingdom
Kristen Rodriguez,(579) 121-1794,amet@hotmail.edu,899-1167 Amet Road,634276,Poitou-Charentes,Indonesia
Heidi Long,1-876-715-1757,pellentesque.sed@yahoo.ca,937-7878 Ornare. Rd.,1010,Kerala,United States
Steven Hawkins,(619) 842-7543,suspendisse@aol.org,"495-7033 Vitae, Rd.",44369,Burgenland,Turkey
Claire Macias,1-812-228-1747,eu.elit@google.net,8471 Pede. Road,65956,Guaviare,South Korea
Aline Rosa,(643) 366-8565,curabitur.massa@aol.com,983 Consectetuer Road,RS1P 5MF,Thái Bình,Austria
Wang Stephenson,1-458-163-7513,erat@google.com,141-2371 Arcu Street,853770,Lima,Chile
Fredericka Hays,1-428-382-5368,lectus.justo.eu@icloud.couk,905-6495 Molestie Ave,A2L 8AH,Northern Territory,South Korea
Uma Carlson,1-242-782-1448,tortor.at.risus@outlook.org,Ap #483-6164 Neque. Street,835161,Azad Kashmir,Sweden
Len Dixon,1-122-857-2645,lacus.nulla@outlook.couk,"P.O. Box 180, 3908 Pharetra Rd.",91319-80083,Murcia,Poland
Erica Ware,1-236-364-6393,fringilla.donec@protonmail.net,369-1867 Nulla Street,154670,Maranhão,Australia
Dana Morrison,(482) 357-8567,lacinia.vitae.sodales@protonmail.ca,"Ap #476-1501 Consectetuer, Ave",45475-96728,North Sulawesi,Canada
Martha Black,(835) 221-6262,eget.tincidunt@yahoo.com,"P.O. Box 828, 5513 Magna, Rd.",65709,Arica y Parinacota,Nigeria
Ross Cummings,(946) 228-3786,interdum.feugiat.sed@protonmail.ca,Ap #861-5215 Ac St.,31565989,Connacht,Peru
Hu Townsend,1-215-453-8643,fusce.diam.nunc@yahoo.net,238-5642 Fusce Rd.,5063,Quindío,Costa Rica
Nicholas Nunez,(574) 675-7578,eu.eros@yahoo.org,"816-5483 Tempus, Rd.",2988,Lima,France
Fletcher Herrera,1-351-738-5439,sed.facilisis@aol.com,6863 Aliquam Rd.,5665,Distrito Capital,Turkey
Keelie Figueroa,1-214-363-9602,auctor.odio.a@icloud.edu,"975-7782 Eu, Avenue",A13 2FI,Alberta,Brazil
Josephine Kennedy,(190) 854-8507,nec@google.edu,Ap #786-9380 Auctor Rd.,5136,Kayseri,Austria
Ingrid Hoover,1-131-724-2181,eget.metus@hotmail.net,Ap #328-2811 Sed St.,85565,Kocaeli,United States
Carly Dominguez,(214) 634-2664,mollis.dui@protonmail.net,749-1830 Massa Rd.,7813,Los Lagos,France
Cole Mullins,1-272-458-9508,enim.nisl@google.com,271 Orci Rd.,575215,Stockholms län,China
Stone Roy,1-359-386-8766,pharetra.felis@outlook.org,414-5639 Elit. Ave,524679,Opolskie,Netherlands
Warren Turner,1-262-672-3401,a@protonmail.com,Ap #571-2414 Sed Avenue,16716,Bremen,Pakistan
Melodie Wyatt,1-488-541-4584,ac@outlook.org,4658 Bibendum Avenue,3142,Gangwon,Chile
Neville Perez,1-792-487-0541,cursus@hotmail.couk,Ap #189-6068 Venenatis Av.,56735,Ulyanovsk Oblast,Austria
Kylee Cotton,1-233-416-6810,ornare@yahoo.couk,9664 Nisl Road,681286,Comunitat Valenciana,Austria
September Merritt,(981) 826-6423,feugiat@google.ca,"P.O. Box 154, 7066 Ligula. Rd.",5670,Jeju,Chile
Abraham Boyle,1-448-136-7269,enim.nisl@icloud.ca,"P.O. Box 786, 5434 Orci Ave",01366,Ceará,Netherlands
Rhoda Beck,1-852-654-2858,id.ante@yahoo.com,9738 Est Av.,7457,Nizhny Novgorod Oblast,Netherlands
Susan Trujillo,1-210-573-8360,nisl@hotmail.edu,"P.O. Box 924, 1420 Ac Street",236015,Sindh,Australia
Thomas Moss,1-223-257-9564,sed.congue.elit@protonmail.edu,Ap #611-7430 Arcu. St.,675358,Queensland,Nigeria
Nerea Pickett,1-674-531-9173,orci.phasellus.dapibus@yahoo.net,981-7291 Nisi. Rd.,61782-506,Stockholms län,Germany
Lee Watkins,1-322-773-4545,quisque.porttitor@yahoo.com,154-7742 Aenean Rd.,328456,Vorarlberg,Austria
Gil Russell,(863) 121-5938,erat.volutpat.nulla@icloud.com,Ap #731-9446 Dui Av.,68-718,South Island,France
Brody Cash,1-641-478-5747,rutrum.magna@hotmail.com,Ap #851-7395 Sed St.,385743,Gelderland,Turkey
Macey Gay,1-927-767-3116,aliquet.nec.imperdiet@hotmail.edu,320-6082 Nunc Rd.,S63 6NS,Zhōngnán,Ireland
Chancellor Hutchinson,1-304-655-2765,praesent.eu.nulla@protonmail.edu,Ap #542-4973 Sit Rd.,29875,Brandenburg,Colombia
Britanni Armstrong,(715) 875-2811,non.lorem@yahoo.ca,"889-7163 Eu, St.",19-062,Styria,Brazil
Sophia Bentley,1-616-780-6337,eros.nec.tellus@aol.couk,"Ap #731-532 Et, St.",39736,Lakshadweep,Brazil
Merrill Bowen,1-746-838-2344,tincidunt.adipiscing@icloud.ca,"P.O. Box 155, 6455 Adipiscing Av.",857987,Flintshire,Belgium
Eric Johns,1-407-224-9424,curabitur@protonmail.edu,"P.O. Box 932, 5056 Litora St.",34493,Paraná,Colombia
Robert Cannon,(481) 274-7184,lacus@yahoo.couk,890-2999 Lectus Av.,37175,Mersin,Ireland
Bevis Mason,1-855-945-2232,ac.arcu@aol.edu,923-5504 Orci Street,64-513,North Island,Pakistan
Moana Sanford,1-385-238-8952,dis.parturient.montes@aol.com,"Ap #508-6219 Amet, St.",40627,Cumberland,Ireland
Donna Gross,(275) 815-3392,massa@google.couk,699-5963 Sit Avenue,33024,Los Lagos,Chile
Jaquelyn Marshall,(489) 823-4330,non@icloud.net,593-9440 Suspendisse Road,8754,Irkutsk Oblast,Italy
Samantha Foster,1-638-658-6820,gravida@yahoo.edu,"690-2233 Auctor, Ave",87424,Uttar Pradesh,Chile
Kennan Anderson,1-347-257-4724,accumsan@google.couk,200-7502 Imperdiet Rd.,2254,Basilicata,Italy
Duncan Mccarthy,1-273-657-8081,donec@yahoo.edu,"P.O. Box 511, 3520 Nisi Street",455728,South Island,Canada
Malcolm Sharpe,(349) 767-1557,tellus.lorem@yahoo.org,3819 Duis St.,B4T 4W5,Atlántico,Chile
Chancellor Garcia,(211) 403-3572,malesuada.fames.ac@google.net,8663 Cras Av.,07-415,Tyrol,Netherlands
Cassady Barton,(525) 346-5751,ridiculus.mus@yahoo.couk,"P.O. Box 883, 8537 In, Rd.",40618,Jambi,Spain
Emery Lane,1-738-241-8587,eu.lacus.quisque@outlook.ca,9383 Molestie Av.,50608-64827,Cornwall,Russian Federation
Forrest Perkins,1-585-599-8173,dictum.mi@google.org,7767 Malesuada Rd.,807170,Huila,Ireland
Aileen Melton,(870) 474-4189,lobortis.ultrices.vivamus@protonmail.ca,"Ap #320-9775 Nec, Rd.",92551,O'Higgins,Colombia
Ariel Hull,1-992-345-7644,nulla.eu.neque@icloud.edu,152-8231 Feugiat Rd.,74885,Melilla,China
Bruce House,(252) 787-7686,vivamus.sit@hotmail.org,Ap #486-354 Dictum Street,80934,Carinthia,Vietnam
Norman Mccormick,(357) 874-8122,nec.malesuada@protonmail.net,"P.O. Box 362, 8877 Vivamus Rd.",28771-70921,Swiętokrzyskie,Netherlands
Nora Little,(216) 838-4133,in.tincidunt.congue@yahoo.couk,761-4833 Parturient Street,2801,Haryana,Nigeria
Donna Humphrey,(461) 673-4795,risus.in.mi@yahoo.net,2167 Duis St.,786539,Innlandet,Norway
Iola Mayo,(245) 242-8201,sed@google.ca,4750 Cubilia Road,572013,West Sumatra,United States
Preston Gates,(976) 741-0261,sapien.gravida.non@aol.net,Ap #347-5701 Aliquam Road,14184,Catalunya,Netherlands
Brynn Cohen,1-881-371-5887,nibh.donec@icloud.couk,7936 Dis Rd.,02054-30610,Vestland,Germany
Emi Mathis,(724) 667-6684,cras.interdum@outlook.couk,"P.O. Box 166, 4553 Orci. Avenue",04572,South Sulawesi,Netherlands
Kamal Knapp,1-735-569-7163,tristique.pharetra@icloud.net,Ap #903-9780 Eleifend. St.,414258,Ankara,Belgium
Hayes Mccoy,1-952-667-5286,malesuada.augue@hotmail.couk,4671 Dui Av.,72155,Riau Islands,United States
Rana Wells,(662) 777-1347,euismod.in.dolor@protonmail.couk,Ap #192-2440 Vel St.,68168,Waals-Brabant,New Zealand
Savannah Buchanan,(811) 813-7047,sapien.aenean@yahoo.ca,"P.O. Box 745, 5163 Facilisis Rd.",49609,Extremadura,Costa Rica
Basia Mullen,1-487-424-6611,duis@protonmail.com,"P.O. Box 421, 9996 Ut, Avenue",91174,Noord Brabant,France
Rogan Davis,(515) 135-3661,viverra@google.ca,Ap #123-7939 Erat Street,6719 BX,Xīběi,China
Ryan Hurley,(321) 321-1389,blandit.at@hotmail.com,1249 Pede St.,8486,Trøndelag,Austria
Hermione Ellison,1-273-163-7153,mauris@yahoo.com,Ap #780-4593 Ornare Avenue,869161,Louisiana,Chile
Brennan Herman,1-510-204-5585,amet.risus@icloud.org,124-6571 Conubia St.,67068,Bursa,South Korea
September Goodman,1-672-117-3303,egestas@outlook.ca,Ap #593-4386 Enim. Road,M9J 2M3,Dalarnas län,Netherlands
Laurel Castaneda,(585) 210-8417,vitae.diam@aol.net,Ap #435-3890 Quam. St.,216746,Balochistan,Sweden
Slade Coleman,(611) 600-1852,nec.leo@google.com,586-9613 Sed Street,0614,Oyo,Brazil
Malachi Dillon,1-503-812-3757,eu.dolor@google.net,Ap #574-8172 Facilisis Road,188240,Munster,Poland
Irma Stuart,(721) 671-4008,eu@outlook.org,5444 Convallis St.,14884,Styria,Germany
Eagan Nolan,1-162-447-7298,nunc.quis.arcu@google.net,650-2336 Porta Road,48250,Zachodniopomorskie,Russian Federation
Margaret Pittman,(873) 576-9847,est@google.couk,"P.O. Box 346, 6642 Aenean St.",D2T 4UR,Coquimbo,Turkey
Paul Ingram,(971) 787-8485,fusce.dolor.quam@hotmail.org,Ap #305-4118 Justo St.,05514,Brecknockshire,South Korea
Aline Christensen,1-428-341-5425,nulla.at@outlook.com,"P.O. Box 995, 8145 Sed, St.",69987,New South Wales,United Kingdom
Rudyard Love,1-898-391-5685,inceptos.hymenaeos.mauris@icloud.org,Ap #902-1852 Mauris St.,4731 RF,Loreto,Chile
Maggie Martinez,(957) 418-2786,euismod.urna.nullam@aol.org,186-3814 Eleifend. Road,45443,Imo,Vietnam
Thor Herrera,(370) 433-2956,in.lobortis@protonmail.ca,"509-1434 A, Road",437446,British Columbia,New Zealand
Calista Barton,(258) 119-0536,consectetuer.ipsum@aol.couk,Ap #731-3457 Amet Road,50101,Gloucestershire,Colombia
Vera Joseph,1-144-668-7436,nulla.integer.vulputate@hotmail.net,"P.O. Box 231, 8450 Nec Rd.",13405-028,Andhra Pradesh,India
Cyrus Mercado,(634) 103-9252,curabitur.egestas.nunc@hotmail.org,Ap #572-9751 Turpis. Road,585573,Lakshadweep,France
Lance Wood,(562) 614-7438,risus.in@hotmail.ca,Ap #117-9357 Aliquet Avenue,3657,Tasmania,United Kingdom
Yoshi Shepard,1-764-443-8251,nisi.a.odio@icloud.com,272-4607 Malesuada St.,1225,Limousin,South Korea
Hayfa Rutledge,(302) 875-7082,proin.ultrices@protonmail.couk,Ap #461-4839 Sed Avenue,8425,Drenthe,Germany
Jordan Chapman,1-685-374-0670,lorem@outlook.org,"P.O. Box 558, 6825 Nec Avenue",841576,Cartago,Norway
Yael Patel,(882) 936-3968,convallis.dolor.quisque@icloud.net,Ap #439-9017 Erat Rd.,42623-42244,Maryland,India
Orson Porter,(165) 436-4032,dui.cras@google.ca,Ap #418-1231 Erat Road,678766,Bắc Kạn,Netherlands
Blake Neal,(433) 468-5140,mollis.vitae@outlook.edu,"261-4454 Vel, Rd.",967546,Lincolnshire,Sweden
Patrick Richards,(624) 756-3416,ut.quam@protonmail.ca,Ap #455-8770 Cubilia Av.,778628,Sachsen,Turkey
Brenda Kane,(842) 423-1478,sed.neque@google.com,368-7914 Orci. Rd.,M7V 5N9,Waals-Brabant,Spain
Valentine Singleton,(538) 756-1366,libero.nec@aol.org,393 Varius St.,25830,Rio Grande do Sul,Spain
Tanisha Cohen,(971) 676-2242,nec.urna.et@yahoo.com,"P.O. Box 603, 8081 Nec Street",22817,Madrid,Poland
Bruce Weaver,1-977-602-6430,non.bibendum.sed@yahoo.net,Ap #763-9733 Scelerisque Street,4136,West Sulawesi,Austria
Chadwick Greene,(801) 466-7294,ac.turpis.egestas@outlook.com,1304 Malesuada Avenue,1297,Friesland,Mexico
Mona Nicholson,1-793-768-8161,vitae.diam.proin@yahoo.net,Ap #700-6417 Scelerisque Rd.,3394,Bretagne,Chile
Ross Barron,1-886-401-5455,eu.nibh.vulputate@icloud.org,2699 Et St.,26400,Gilgit Baltistan,France
Gil Bolton,1-843-231-1838,dui.lectus@google.couk,Ap #172-5488 Nisl Road,19755,Hamburg,Canada
Benjamin Burgess,(425) 136-9442,nascetur.ridiculus.mus@google.org,Ap #105-9534 Cras Rd.,811672,Jeju,India
Levi Barnes,(261) 462-0827,amet.risus@outlook.org,785-1371 Luctus Rd.,86-694,Kano,Nigeria
Kylie Ferguson,1-442-864-4277,conubia.nostra@icloud.net,142 Ridiculus Ave,67375,Banffshire,Spain
Benedict Hart,1-886-473-8211,dolor.fusce@yahoo.com,"111-3700 Dolor, St.",631146,Munster,New Zealand
Chase Howard,1-497-560-2862,lacus.pede@aol.edu,2451 Accumsan Street,H66 8KO,Podlaskie,United Kingdom
Cooper Contreras,(232) 379-6545,parturient.montes.nascetur@outlook.org,120-3855 Pretium Ave,3888,Pernambuco,Norway
Kyle Conway,1-847-283-5593,suscipit@icloud.ca,Ap #214-3814 Nulla Rd.,7013 FR,Loreto,Australia
Armand Roberson,(207) 473-2685,mi.duis.risus@protonmail.net,Ap #135-9339 Duis Avenue,84544,Castilla y León,Australia
Macey Campbell,(240) 365-7515,imperdiet.non@hotmail.org,5215 Imperdiet Ave,818581,Schleswig-Holstein,Indonesia
Edward Whitley,1-469-128-1785,lorem.vitae@protonmail.org,"P.O. Box 848, 2078 Lorem. Avenue",11-462,Castilla y León,Sweden
Jaquelyn Lawrence,1-284-424-1835,euismod.in.dolor@google.edu,"Ap #252-8632 Tellus, Av.",2551,Champagne-Ardenne,China
Ora Wiley,(205) 281-2498,blandit.viverra@aol.couk,570-6660 Id Ave,5033,Luik,Germany
Kellie Davenport,1-462-669-1137,quisque@aol.org,"P.O. Box 967, 9475 Leo, Av.",7302,Xīběi,South Korea
Barry Salas,(726) 714-2697,fermentum@google.net,307-9970 Egestas. Avenue,182166,Atacama,Peru
Hilel Vazquez,(641) 322-6331,id@yahoo.org,255-8016 Sollicitudin Avenue,S8C 8M3,Pomorskie,India
Sheila Bradford,1-114-365-2184,turpis.aliquam.adipiscing@hotmail.edu,8969 Eleifend. Ave,0373,Aragón,Russian Federation
Georgia Villarreal,1-675-626-6946,pellentesque.ut@hotmail.ca,Ap #107-4456 Vestibulum St.,7241,Principado de Asturias,United Kingdom
Mara Shaw,1-823-402-4291,in@protonmail.edu,484-4722 Et Street,59729,Sinaloa,Canada
Marvin Lester,1-177-224-9214,donec.luctus@outlook.couk,"P.O. Box 530, 3802 Eu St.",16562,Gelderland,India
Demetria Hurley,(536) 796-3734,sed.libero@outlook.net,"119-1271 Vitae, Street",337671,Hậu Giang,Mexico
Ebony Fitzpatrick,(194) 622-7671,dui.augue.eu@protonmail.net,8197 Risus. St.,716162,Ancash,Vietnam
Cecilia Bates,(783) 822-8583,euismod@yahoo.net,202-7312 Augue Road,8184,Pondicherry,Costa Rica
Maile Rivera,1-866-547-1846,tristique.senectus@google.ca,781-9274 Sit Rd.,627846,Salzburg,Spain
Sharon Justice,1-878-879-1669,pharetra.nam.ac@outlook.edu,"Ap #690-591 Non, Rd.",86669-52047,Viken,Belgium
Patricia Vega,(889) 383-8549,et.ipsum@yahoo.org,Ap #575-6752 In St.,15860,Xīběi,Indonesia
Brenden Villarreal,(854) 766-4601,nunc.sed.pede@protonmail.ca,833 Adipiscing Rd.,10074,British Columbia,Poland
Sage Mercado,1-455-965-6751,tincidunt.neque.vitae@google.com,Ap #887-9847 Vel Street,9205,Tasmania,Peru
Echo Woods,1-753-754-0312,elit.aliquam@icloud.couk,888-7448 Blandit Rd.,12371-47158,Azad Kashmir,Costa Rica
Theodore Joseph,1-660-685-5235,tellus.justo@aol.edu,Ap #355-6741 Urna Av.,7252,Washington,Pakistan
Lunea Conrad,1-873-522-5420,sollicitudin.commodo@icloud.ca,Ap #175-4652 Arcu Road,63159,Limón,South Korea
Charles Thornton,1-336-702-3629,mus.aenean@aol.org,Ap #335-310 In Rd.,22563,Guanajuato,Belgium
Judith Underwood,1-540-937-6540,facilisis.suspendisse.commodo@yahoo.com,754-8204 Phasellus Rd.,4931,Connacht,Colombia
Jillian Duffy,(637) 537-4794,eleifend.egestas@outlook.couk,"P.O. Box 995, 6691 Semper Av.",75755,Murcia,Brazil
Derek Garner,(667) 912-1191,luctus.vulputate.nisi@outlook.ca,"P.O. Box 848, 1763 Odio, Street",3792 WB,Colorado,Netherlands
Erica Alvarado,1-386-415-2693,augue.ut@hotmail.couk,2637 Aenean Street,511825,Himachal Pradesh,Colombia
Karly Workman,(306) 726-5879,nec@outlook.net,Ap #906-5667 Et Street,117444,Luxemburg,Poland
Oleg Carney,1-872-267-1476,quis@protonmail.com,"P.O. Box 243, 7373 Quisque Road",618913,Samsun,Colombia
Jasmine Norris,(447) 622-5354,integer.urna@google.ca,834-2233 Vivamus Avenue,224725,Vologda Oblast,France
Sharon Ford,1-851-715-3841,eu.sem@icloud.org,932-1388 Ultrices Rd.,48235,Saint Petersburg City,Pakistan
Devin Black,1-267-399-3787,cursus.luctus.ipsum@protonmail.net,Ap #141-3353 Netus Road,67417,Vorarlberg,Germany
Isabella Norton,(518) 695-5829,vitae.odio.sagittis@outlook.com,210-6739 Risus Av.,627135,Balochistan,Vietnam
Cameron Hunter,(150) 852-9465,erat@hotmail.couk,6688 Nullam Ave,73825,Aragón,Pakistan
Ainsley Bond,(389) 813-6193,metus.aliquam@google.edu,Ap #702-6584 Curae Rd.,74454,Cauca,Pakistan
Coby Gibson,1-734-662-5838,habitant@yahoo.net,Ap #578-1267 Proin Rd.,07182,Zeeland,Germany
Carlos Simpson,1-821-405-3465,lobortis.mauris.suspendisse@aol.net,641-2806 Iaculis Road,347985,Pomorskie,Australia
Stephanie Harris,1-326-844-3852,tempus.non@yahoo.net,289-5021 Nibh. Ave,28826,Biobío,Canada
Yeo Burt,(785) 781-0350,ante.maecenas.mi@google.com,172-2466 Lacus. Road,Y6R 8A5,Borno,Vietnam
Melissa Lee,(272) 627-5466,aliquam@aol.net,4022 Primis Rd.,68771,Flevoland,Netherlands
Olivia Decker,1-894-530-7235,aptent.taciti@google.couk,4630 Et Av.,312874,Brandenburg,Norway
Rudyard Yang,1-663-930-3968,neque@icloud.ca,202-1298 Vivamus St.,78555,Kujawsko-pomorskie,Peru
Beau Nicholson,1-460-248-3944,mauris.vel@aol.com,515-637 Lectus St.,253411,Saskatchewan,Ireland
Lilah Garrison,(682) 362-8481,duis.ac@hotmail.couk,6284 Semper Rd.,13723,North Island,Colombia
Ulric Roman,(406) 116-3414,imperdiet@aol.couk,"P.O. Box 863, 6186 Sed Rd.",D9 3AQ,Lipetsk Oblast,Norway
Nissim Dunlap,(511) 802-8296,dictum.phasellus.in@hotmail.com,"Ap #569-6190 Dui, Ave",46656,Noord Brabant,China
Jolene Kelley,(688) 785-8214,a.scelerisque.sed@protonmail.com,282-5952 Tempus Road,552422,Dadra and Nagar Haveli,Nigeria
Beau Evans,(852) 761-8441,per@icloud.net,Ap #368-4576 Ut St.,03-367,Manitoba,Italy
Sacha Camacho,1-798-659-5462,cum.sociis.natoque@aol.net,Ap #617-5632 Et Avenue,56177,FATA,Russian Federation
Mara Gallegos,(514) 555-4648,sapien.gravida.non@icloud.net,748-5771 Dictum Ave,24734,Katsina,Belgium
Orli Meyer,1-237-302-4487,habitant@yahoo.com,Ap #709-9839 Hendrerit Av.,588776,Corse,Spain
Iona Johnson,(821) 721-3391,cras@yahoo.net,373-5805 Tincidunt Road,3718 GQ,Innlandet,Turkey
Imani Jacobs,(619) 224-0366,venenatis.a@protonmail.net,345-7912 Magnis Street,640477,Basilicata,Austria
Jamal Haynes,1-605-914-7425,lorem@google.ca,"P.O. Box 675, 5434 Elementum Av.",2335,Minnesota,United Kingdom
Norman Hopkins,1-933-883-1754,id.mollis.nec@outlook.edu,"198-9423 Elit, Rd.",76491,Niedersachsen,Chile
Alvin Kane,1-724-352-9602,arcu@google.com,"171-2129 Ullamcorper, Rd.",7502,Pays de la Loire,Germany
Ori West,(822) 745-3701,aliquet.lobortis.nisi@yahoo.edu,917-3485 Proin Avenue,3122,Calabria,United Kingdom
Zachery Ferrell,(582) 364-1242,vehicula.pellentesque@aol.ca,847-493 Maecenas Avenue,55242,Ceará,New Zealand
Kathleen Reyes,1-165-987-5181,sed.id@icloud.com,"P.O. Box 155, 2463 Ac Street",562623,West-Vlaanderen,South Korea
Clayton Sanford,1-437-928-4897,penatibus.et.magnis@yahoo.org,323-6456 Sed Rd.,404295,Huádōng,Austria
Hayden Peters,(278) 728-1149,imperdiet.ornare@outlook.edu,Ap #113-2323 Donec St.,77213-80263,Toscana,Australia
Stephen Fuentes,1-200-874-4174,et.euismod@yahoo.org,705-9591 Integer Ave,244128,Uttar Pradesh,Austria
Moses Walters,1-821-258-4625,quis.massa@protonmail.ca,226-8774 Massa. St.,94677-06838,Connecticut,Sweden
Denise Morse,1-163-251-4779,venenatis@outlook.edu,784-7925 Neque. St.,18157,Perthshire,Colombia
Cameron Mercado,(384) 209-7954,accumsan.convallis@icloud.ca,8106 Commodo Road,6964,Northern Territory,Russian Federation
Brandon Velez,(524) 875-6560,sed.molestie.sed@protonmail.com,431-7136 Feugiat Ave,181845,Huáběi,Russian Federation
Justine Sanford,(767) 799-4247,ac.risus@aol.com,Ap #593-3721 Ligula. Av.,817113,Rheinland-Pfalz,Nigeria
Jaime Cherry,1-769-236-0529,at@hotmail.edu,293-7637 Adipiscing Road,2769,Hamburg,France
Summer Mosley,(760) 362-3986,nec@google.edu,Ap #534-3983 Netus Av.,07866,Guanacaste,China
Buckminster Spencer,(745) 243-9592,et@hotmail.org,956-6895 Lobortis Rd.,24572,Luxemburg,Sweden
Nicholas Mccarty,(503) 283-2208,magna.ut@hotmail.ca,"P.O. Box 277, 257 Vulputate Rd.",26215-594,Limón,Turkey
Castor Vincent,1-854-639-6927,hendrerit.neque.in@icloud.org,818-7795 Donec Road,366693,Małopolskie,Spain
Evangeline Keller,(553) 695-4158,nibh.phasellus@outlook.couk,173-160 Bibendum Rd.,33005,Mersin,New Zealand
Latifah Mercado,1-542-688-5663,odio.auctor@outlook.ca,289-9340 Nunc. Street,436693,Cantabria,Sweden
Dawn Bowen,1-288-949-5876,lacinia@yahoo.ca,6236 Maecenas St.,69-526,Vorarlberg,Russian Federation
Grady Mercer,1-430-737-5805,hendrerit.neque@outlook.org,Ap #569-1365 Risus. Ave,QP26 5AM,Coquimbo,Costa Rica
Patience Garcia,(346) 485-5881,tempus.non@aol.org,"P.O. Box 569, 6181 Metus. St.",6931,South Island,Brazil
Merritt Foreman,(686) 851-6689,quis.diam.pellentesque@aol.edu,Ap #940-3332 Nunc Ave,73541,Bourgogne,New Zealand
Genevieve Schneider,1-371-450-0152,eros@icloud.com,"P.O. Box 909, 6732 Vivamus Avenue",54731,Hidalgo,Nigeria
Colleen Hicks,1-986-687-3158,quis@outlook.net,969 Eu St.,6128,Poitou-Charentes,Australia
Dane Cummings,1-857-267-5546,mi.aliquam.gravida@google.com,Ap #940-9899 Justo St.,47-942,Luxemburg,Chile
Grady Brock,1-741-955-2428,parturient.montes@hotmail.couk,"P.O. Box 496, 3856 Massa. Road",484232,Novosibirsk Oblast,Mexico
Nash Rivers,1-226-886-8743,dis@icloud.edu,643-1433 Habitant Rd.,74046,Central Sulawesi,Brazil
Eleanor David,(477) 394-6680,lectus.cum.sociis@google.com,"429-3213 Vel, Av.",3890,Minnesota,Mexico
Craig Padilla,(886) 387-5784,non.massa@aol.com,Ap #106-9851 Metus. Road,45463,Melilla,Netherlands
Philip Edwards,1-689-878-9736,luctus.vulputate@yahoo.org,"507-3661 Nec, Road",385362,Buckinghamshire,Nigeria
Nichole Carr,(783) 783-8435,euismod.urna@yahoo.couk,Ap #770-7103 Urna Ave,1622,Styria,Pakistan
Chase Peterson,(326) 842-4584,urna.nullam@hotmail.couk,"P.O. Box 832, 5721 Urna, Ave",86156,Puglia,Canada
Graham Ortega,1-682-621-0591,lorem.ac.risus@icloud.couk,Ap #301-9105 Mollis. Avenue,86583,Dalarnas län,United States
Marshall Clements,(203) 724-8985,lorem@yahoo.com,"P.O. Box 726, 3492 Massa. Avenue",736456,Riau Islands,Sweden
Chase Conway,(381) 835-5429,mi.fringilla@icloud.com,620-3326 Dolor Av.,92774,Agder,Netherlands
Jelani Pickett,(423) 185-1401,gravida.non.sollicitudin@protonmail.com,Ap #596-8499 Vitae Rd.,408344,Opolskie,Mexico
Isabelle Morgan,(747) 254-1327,ligula@yahoo.com,Ap #798-6558 Quisque Rd.,5526 VB,Pernambuco,Austria
Hillary Wyatt,1-926-722-5305,felis@outlook.edu,"Ap #131-8653 In, Av.",97223,Aisén,India
Cameron Witt,1-323-689-7732,facilisis.suspendisse@hotmail.org,Ap #293-7059 Ac Ave,377712,Prince Edward Island,Russian Federation
Winter York,1-451-426-7634,consequat.dolor.vitae@outlook.edu,"P.O. Box 240, 5435 Vestibulum Street",M3R 7B0,Wyoming,Australia
Amery Richardson,1-888-643-6651,ornare.in.faucibus@google.net,849-8108 Ut St.,64444,Alaska,United Kingdom
Fallon Vega,(484) 411-5739,quam.dignissim@google.couk,Ap #658-1347 Porttitor Rd.,857521,Gävleborgs län,China
Hyacinth Ellis,1-364-114-8303,odio@icloud.com,Ap #895-8593 Sed Rd.,645818,Stockholms län,India
Zane Schmidt,(424) 558-2376,mattis@yahoo.org,148-4249 Eget St.,20313,Mazowieckie,Italy
Brenna Mcguire,1-264-301-4348,arcu.eu@protonmail.com,665-4913 Dignissim St.,S8V 4G6,Innlandet,Netherlands
Ashton Cooke,1-971-661-3889,magna@protonmail.net,Ap #839-2413 Et St.,685988,Gyeonggi,China
Chaney Holt,(454) 311-5665,diam.eu@aol.com,576-3174 Felis St.,461647,Xīběi,Norway
Gavin Cunningham,1-572-421-8461,ipsum.donec.sollicitudin@protonmail.edu,"7704 Montes, Street",51321,Cartago,Australia
Mariam Crawford,1-875-351-5646,tincidunt.orci@hotmail.net,Ap #489-7966 Magna. Avenue,47229,San José,Costa Rica
Orlando Vega,(675) 851-4065,lacus.aliquam@hotmail.edu,"P.O. Box 976, 2493 Vel Av.",3323,Pomorskie,Indonesia
Nissim Wright,1-746-564-3716,feugiat.tellus.lorem@protonmail.ca,"P.O. Box 315, 1959 Lacinia Av.",11305,Anglesey,Chile
Sybil Witt,(362) 223-4362,dolor.sit.amet@protonmail.edu,6504 Mi. Ave,03235-68210,North Island,New Zealand
Branden Clay,(313) 766-1738,laoreet.libero@protonmail.net,193 Euismod St.,8071,Rio Grande do Sul,Vietnam
Solomon Galloway,1-526-278-2840,in@hotmail.edu,264-9083 Non Avenue,77-449,Xīběi,France
Vera Hudson,1-810-296-2036,vitae.erat.vel@outlook.org,Ap #370-1304 Torquent Road,05614,Calabria,China
Zephania Mcknight,(665) 218-4148,ut.eros.non@protonmail.edu,245-7822 Libero. Rd.,7944 XL,Jönköpings län,Norway
Portia Avila,1-961-249-5653,donec@yahoo.org,"975-8342 Lacus, Rd.",43912,Lanarkshire,Canada
Maya Reed,1-836-292-1863,magna.phasellus@aol.org,Ap #176-9866 Congue Street,898161,Xīběi,Austria
Dane Riggs,(208) 791-8883,velit.cras@google.com,Ap #852-9526 Maecenas Ave,6673,Tarapacá,Ireland
Duncan Watkins,(746) 755-0517,posuere.at@icloud.com,"P.O. Box 303, 1868 In St.",27428,Iowa,India
Naomi Alvarez,(779) 507-1274,nulla.integer.urna@yahoo.couk,173 Sociosqu Av.,481866,Valle d'Aosta,Chile
Jordan Hopper,(837) 823-8455,diam.pellentesque@protonmail.net,8774 Accumsan Road,11943,Luxemburg,Netherlands
Ethan Bird,1-645-338-3958,nunc@icloud.net,6487 Lectus Street,41149,Jönköpings län,India
Martin Cantrell,1-458-415-2809,tortor.nunc@icloud.org,4847 Tortor Street,3205,Western Australia,Turkey
Amery Trevino,(871) 686-2156,integer.tincidunt@yahoo.net,7009 Metus. St.,37471,Punjab,France
Deanna Burton,1-852-657-3814,sodales.purus@yahoo.net,2783 Congue Rd.,22884,Emilia-Romagna,Germany
Palmer Patton,(375) 974-8080,et.risus@aol.ca,1164 Egestas St.,296394,Dōngběi,Ireland
Brent Estrada,1-671-655-1935,consectetuer.ipsum@hotmail.ca,457-8257 Mauris Ave,622794,Guanacaste,South Korea
Flavia Boyd,1-942-889-9413,lacus.etiam@outlook.org,"P.O. Box 544, 5389 Montes, Avenue",629068,Atacama,Australia
Lucius Alston,(351) 591-5010,lacinia.vitae.sodales@aol.net,"P.O. Box 681, 4772 Integer Ave",71437,Ceuta,India
Vanna Wolf,(249) 596-9661,lectus.quis.massa@aol.org,Ap #777-4184 Eu Av.,17786,Puntarenas,Colombia
Mark Wheeler,(288) 781-9216,habitant.morbi@aol.couk,Ap #944-8613 Tincidunt Road,EJ74 1SG,Gilgit Baltistan,Indonesia
Caleb Howell,(597) 560-6362,eu.enim@outlook.com,"486-4260 Urna, Road",VI2P 3SK,Fife,Colombia
Jacob William,(916) 839-6762,sit.amet@aol.org,858-121 Ac Road,283853,Saskatchewan,Costa Rica
Malcolm Meadows,1-322-875-6163,arcu@hotmail.com,"P.O. Box 540, 6524 Elit Road",6816,Saint Petersburg City,Brazil
Karen Key,1-796-253-7356,litora.torquent@icloud.org,Ap #423-372 Pede Road,3277,Canarias,Nigeria
Chadwick Terry,1-380-446-2516,semper.auctor.mauris@aol.org,"P.O. Box 744, 3492 Neque St.",85587,Baja California,France
Larissa Rowland,(568) 850-1761,vel.sapien@google.org,4559 Et Street,280552,Jammu and Kashmir,France
Tad Myers,1-614-881-6114,neque.nullam@outlook.net,Ap #503-2519 Orci Av.,4478,Antwerpen,United States
Marah Leblanc,(367) 765-7726,libero@protonmail.com,"P.O. Box 909, 2066 Erat Avenue",4236,Ayrshire,New Zealand
Duncan Mcdaniel,(678) 234-5235,elit.fermentum@hotmail.net,9874 Ipsum Rd.,3670 EP,Campania,Italy
Otto Potts,1-366-360-6282,iaculis.nec.eleifend@icloud.ca,202 Adipiscing St.,4932,FATA,New Zealand
Malcolm Odom,1-641-483-9311,sed.orci@hotmail.edu,505-5487 Nulla Road,10574,Saskatchewan,South Korea
Harriet Joyce,(917) 363-9077,non.sollicitudin@icloud.edu,Ap #549-3509 Arcu. Rd.,535558,Heredia,Belgium
Hadassah Charles,1-376-282-2274,mi.felis@protonmail.couk,1095 Fames Rd.,62185,Zeeland,Belgium
Kenneth Massey,(651) 573-1165,non.massa@yahoo.ca,"P.O. Box 815, 4324 Nostra, Av.",29422,Hessen,Norway
Maris Moran,1-416-272-6456,curabitur.vel@protonmail.couk,3387 Curae Ave,633927,Sverdlovsk Oblast,Indonesia
Aretha Zamora,(738) 266-8076,vitae@icloud.couk,"P.O. Box 154, 795 Lorem, St.",78173,Luxemburg,Indonesia
Melissa Rios,1-568-575-6354,semper.dui.lectus@icloud.net,"P.O. Box 481, 9915 Ornare Rd.",68624-041,Opolskie,Russian Federation
Forrest Hurley,(341) 745-6315,vitae.odio@icloud.edu,"P.O. Box 715, 5764 Pellentesque Rd.",18678,Namen,Mexico
Mohammad Mcdowell,(470) 623-4863,semper@yahoo.edu,"648-4307 Elit, Avenue",23224,Kansas,Chile
Athena Bass,1-945-507-3482,vel.nisl@protonmail.net,7583 Donec St.,55193,Delta,France
Joseph Adams,(221) 366-7442,lobortis@google.org,5918 Lorem Street,1531 NW,Akwa Ibom,Russian Federation
Kieran Maddox,1-247-462-2452,ante.bibendum@aol.net,206-8583 Non Av.,28177,Munster,Poland
Georgia Wooten,(515) 577-0271,erat.sed.nunc@yahoo.ca,"P.O. Box 783, 250 Ac, Av.",583974,Victoria,Chile
Tiger Summers,1-871-997-1321,nunc@outlook.org,"Ap #710-3935 Mi, Rd.",611295,Maranhão,New Zealand
Sydney Sanchez,1-441-247-0532,ornare.egestas@aol.com,Ap #967-7218 Tincidunt Ave,13286,Aragón,Colombia
Gregory Campbell,(964) 341-3963,curabitur.ut@protonmail.net,Ap #116-9364 Commodo Rd.,425432,Punjab,Vietnam
Kimberley Schroeder,1-226-102-2355,rutrum.lorem.ac@yahoo.net,Ap #412-7832 Ornare. Rd.,725141,Balochistan,Sweden
Haviva Aguilar,1-617-382-7541,diam.eu.dolor@aol.org,819-2277 Risus. St.,28917,Warmińsko-mazurskie,Italy
Flynn Conway,(257) 931-0169,ante@yahoo.org,591-8748 Ultrices St.,506246,Borno,Australia
Serena Schneider,1-278-746-3337,a.magna@icloud.ca,Ap #797-5747 Magna. St.,1361,Limburg,Poland
Isabelle Duncan,(682) 246-6238,vestibulum.mauris.magna@outlook.org,847-679 Tincidunt Rd.,574877,Bremen,Vietnam
Hanna Whitley,(621) 277-3757,dolor.sit@protonmail.com,552-403 Non Rd.,56228,Henegouwen,Vietnam
Yasir Cochran,1-543-383-5342,ipsum.porta@yahoo.com,4817 Ac Street,8742,Surrey,South Korea
Christopher Galloway,1-862-583-5372,vitae.aliquam@protonmail.couk,Ap #946-7280 Arcu. Avenue,247247,South Australia,South Korea
Leandra Gillespie,(985) 247-3916,luctus.ipsum.leo@hotmail.ca,Ap #311-8369 Sit Rd.,7361,Gävleborgs län,Germany
Ivy Hancock,(557) 786-8016,commodo.tincidunt@hotmail.couk,9763 Fusce Avenue,15867-589,Loreto,Russian Federation
Dillon Pennington,(265) 242-0277,imperdiet@outlook.edu,Ap #242-1185 Augue St.,5747,Antioquia,India
Germaine Wynn,(521) 442-3354,suspendisse@protonmail.couk,856-3386 Eu St.,44222-105,Glamorgan,Nigeria
Vaughan Albert,(153) 692-5426,ante@google.org,"P.O. Box 460, 3268 Magna. St.",15071-92018,łódzkie,Brazil
Marshall Wiggins,1-432-586-7268,elementum@aol.org,5254 Et Road,85332,Nebraska,Nigeria
Erich Monroe,(884) 705-2192,blandit@icloud.edu,"129-9332 Ornare, Avenue",25711,Poitou-Charentes,Vietnam
Alma Ellison,1-316-505-1830,congue.turpis.in@google.org,851-8387 Interdum. St.,711518,Paraíba,Russian Federation
Carissa Padilla,1-246-843-3746,sed@yahoo.net,Ap #699-4939 Feugiat Avenue,557315,Special Region of Yogyakarta,Pakistan
Colette Dorsey,1-156-905-8646,nullam.velit@hotmail.org,371-5675 Metus Rd.,62-965,Lanarkshire,South Korea
Lawrence Tate,1-229-621-6289,adipiscing@protonmail.ca,Ap #535-5535 Aliquet. Road,487419,Limousin,United States
Kyle Mcclure,(217) 388-4158,ante@aol.com,"Ap #896-1530 In, St.",06621,Cao Bằng,Turkey
Garrison Barnett,(882) 624-0454,nisi.cum@aol.ca,831-3119 Vestibulum Av.,831148,Victoria,India
Olivia Carrillo,(664) 653-1643,venenatis@aol.edu,Ap #554-3616 Lectus St.,771234,Munster,Norway
Ezra Koch,(438) 331-9869,consequat.purus.maecenas@hotmail.com,Ap #957-4311 In Road,9281,Waals-Brabant,Italy
Octavia Day,1-743-222-9915,scelerisque.mollis@google.ca,"P.O. Box 866, 422 Duis Avenue",15508,Abruzzo,New Zealand
Macaulay Moses,1-761-862-1625,imperdiet.dictum@hotmail.org,3046 Accumsan St.,22639,Murcia,France
Brielle Middleton,1-593-213-8378,turpis.egestas.fusce@aol.org,Ap #963-7371 Id Street,4173 KG,Arkhangelsk Oblast,New Zealand
Clayton Rutledge,(373) 168-8612,at.velit.cras@hotmail.edu,Ap #988-7221 Fermentum Av.,21765,Puntarenas,Austria
Jada Lamb,1-787-717-7241,sed.est@aol.couk,5921 Tristique St.,TW4F 5SY,Ceará,Ireland
Tana Hoffman,1-200-842-6210,in@google.couk,4757 Morbi Av.,431756,South Island,Austria
Harrison Hawkins,(452) 847-1785,enim@outlook.edu,392-5360 Velit Street,31234,Upper Austria,Australia
Victoria Kirk,1-114-914-7815,diam.pellentesque@icloud.net,Ap #502-6027 Cursus. Avenue,443904,Junín,Chile
Vance Jefferson,(543) 963-7786,aenean@outlook.com,Ap #926-9001 Sit Street,8542,Ontario,New Zealand
Oprah Avila,(753) 351-5635,neque.non@yahoo.org,563-4480 Mus. St.,12328,Prince Edward Island,Turkey
Hilel Hammond,1-757-854-7743,cras.lorem@icloud.net,"P.O. Box 414, 6404 Dictum Avenue",831162,Lambayeque,United States
Cecilia Drake,(395) 473-4472,nam.porttitor@google.org,493-4627 Neque St.,681087,Antofagasta,Colombia
Unity Combs,(894) 437-6377,in.faucibus@aol.couk,Ap #166-8841 Non Rd.,24744,Hamburg,China
Fay Wallace,(470) 177-1329,curabitur.sed.tortor@icloud.ca,"Ap #692-900 Placerat, Ave",550203,Carinthia,Mexico
Stuart Ochoa,1-504-665-7164,sed@google.edu,777-3279 Nisi. St.,72153,Calabria,Sweden
Giselle Jackson,1-233-517-9853,adipiscing.ligula.aenean@google.edu,4934 Facilisis Rd.,5622 GP,Leinster,South Korea
Kirestin Small,(785) 854-4974,mauris.eu@google.ca,Ap #237-7576 Nec Avenue,23244,Kano,Australia
Alvin Carr,(668) 613-5148,mi.lacinia.mattis@outlook.com,Ap #938-4929 Et St.,65143,Vlaams-Brabant,Australia
Burke Malone,1-421-787-7416,accumsan.interdum@aol.couk,687 Taciti Rd.,402655,Liguria,Belgium
Armand Porter,1-328-683-1822,turpis.aliquam@aol.ca,Ap #683-2047 Orci. Av.,366878,Oslo,Norway
Shafira Sims,(890) 765-7668,sed.congue.elit@yahoo.edu,6009 Risus Rd.,5757 FF,Aragón,Ireland
Harlan Buckley,1-762-736-0832,aliquam@aol.ca,"P.O. Box 824, 7834 Praesent St.",2145,Louisiana,Italy
Rigel Williamson,(433) 353-7002,fames@outlook.org,141-8788 Erat St.,77114,Australian Capital Territory,Austria
Remedios Mcmillan,1-335-786-7660,sapien@outlook.ca,2917 Tellus Road,793817,Ontario,Spain
Abra Schmidt,1-170-700-2551,tellus@outlook.edu,"Ap #146-4507 Laoreet, Ave",28404,Magallanes y Antártica Chilena,Spain
Aretha Silva,1-892-596-5623,rhoncus.id@hotmail.com,"717-3151 Non, Road",45436,Special Region of Yogyakarta,United Kingdom
Melyssa West,1-861-940-7115,dolor.sit.amet@aol.org,"Ap #620-8906 Nec, Street",89945,Piura,Germany
Damon Acevedo,(461) 244-8610,ipsum.sodales@google.ca,"2660 Dui, Avenue",6660,Limón,Indonesia
Zeus Jennings,(558) 212-0629,morbi@yahoo.ca,8151 Donec Street,134746,Dōngběi,Pakistan
Scarlet Gibson,(789) 281-8770,lorem.tristique.aliquet@protonmail.org,117-3760 Vivamus St.,23872,Gyeonggi,Pakistan
Nevada Reilly,(762) 326-2288,augue@protonmail.com,Ap #482-2850 Posuere Avenue,4824,San José,Germany
Beau Snider,(417) 502-6634,lorem.vitae@outlook.couk,588-4000 Augue St.,5524 TY,Kentucky,Ireland
Graham Chan,1-467-440-6384,vivamus.rhoncus@google.net,"P.O. Box 306, 4012 Viverra. Street",36-735,East Nusa Tenggara,India
