1-793-600-1489,eget.tincidunt@icloud.com
1-754-363-4383,et.nunc@protonmail.ca
1-917-750-1674,nascetur.ridiculus@yahoo.net
1-336-419-6715,vivamus.euismod.urna@icloud.org
1-359-549-6140,justo.proin@protonmail.org
1-971-725-2149,enim.commodo@yahoo.ca
1-171-792-7394,arcu@icloud.com
(817) 162-4465,vulputate.velit.eu@protonmail.com
(222) 713-6641,felis.purus@yahoo.com
(953) 361-9661,ullamcorper.viverra.maecenas@outlook.couk
(235) 266-5185,proin.nisl.sem@protonmail.net
(201) 387-8536,ligula.aenean@yahoo.org
1-688-353-2728,mauris.magna@aol.ca
1-712-678-3772,donec.est@aol.org
(657) 431-7950,nonummy@hotmail.edu
1-695-975-5472,enim.nunc@outlook.net
(651) 748-8552,tempor.bibendum.donec@google.couk
1-332-147-5772,ligula.consectetuer.rhoncus@protonmail.org
(510) 514-9261,sem.magna@yahoo.org
1-522-354-7215,volutpat@aol.edu
(231) 553-4222,ultricies@protonmail.edu
1-271-724-9105,mattis.semper.dui@google.net
1-647-446-1482,magna.duis@yahoo.net
(857) 352-7465,sapien.molestie.orci@outlook.edu
1-500-403-5238,mi@yahoo.couk
1-824-700-7484,lorem.ipsum.dolor@hotmail.couk
1-195-864-1318,nullam@hotmail.couk
1-306-478-5638,vulputate.posuere.vulputate@yahoo.edu
1-643-383-6334,sit.amet@icloud.edu
1-414-151-0435,ullamcorper.duis.cursus@outlook.ca
(112) 394-3716,quis.tristique@hotmail.edu
(572) 228-6514,cursus.et@outlook.com
1-241-294-6321,tincidunt@aol.net
1-876-138-4388,semper.erat@protonmail.com
(728) 245-0436,vitae.velit.egestas@icloud.ca
1-598-506-8856,quam@google.ca
1-544-624-7912,nulla.dignissim@icloud.edu
(322) 696-2855,a.felis.ullamcorper@aol.com
(655) 609-1332,sollicitudin.orci.sem@outlook.couk
1-833-413-7626,magna@aol.org
(152) 428-3776,dolor@protonmail.couk
1-134-565-5219,lacinia.at.iaculis@hotmail.net
(538) 598-6880,aenean.eget@hotmail.couk
1-313-874-3597,ultrices.a.auctor@aol.couk
(621) 751-1642,rhoncus.nullam@yahoo.net
1-248-858-1274,cum.sociis@google.couk
1-317-545-3511,interdum@yahoo.edu
(785) 828-3568,at.iaculis@hotmail.org
1-734-808-7845,ornare@protonmail.net
1-864-431-0328,sed.dolor.fusce@outlook.net
1-708-478-2014,lectus@yahoo.net
(789) 606-4735,lacinia.vitae@yahoo.com
1-352-426-3792,tincidunt.nunc@yahoo.ca
1-797-384-7477,placerat.velit@aol.com
(607) 152-4588,nec@aol.ca
(970) 513-6173,quis.pede.suspendisse@yahoo.net
1-952-813-8922,convallis.ligula@aol.org
(238) 821-8862,nulla@hotmail.net
(945) 326-2709,diam.dictum@protonmail.couk
1-218-259-6460,libero.est@google.ca
(526) 758-4278,aliquam.erat.volutpat@outlook.com
1-858-327-5508,arcu.et@yahoo.couk
(456) 369-6443,aenean.gravida.nunc@hotmail.couk
1-112-553-5130,pede.cum@hotmail.ca
(196) 206-7795,ac@outlook.couk
1-495-347-9171,morbi.metus.vivamus@hotmail.com
1-795-643-7054,vel@protonmail.com
1-446-190-0180,mauris@aol.com
1-318-423-1621,velit.pellentesque@google.net
(430) 721-6465,ac.eleifend.vitae@protonmail.couk
1-244-581-7903,aliquet.magna@aol.com
1-683-274-8346,cursus.nunc.mauris@protonmail.com
(629) 657-4745,scelerisque.neque@aol.couk
(543) 421-1971,curabitur.egestas@hotmail.couk
(387) 659-6528,non@icloud.ca
(627) 132-1716,curabitur.consequat@google.edu
1-642-684-2183,nunc@google.org
(375) 145-7656,euismod@yahoo.edu
1-456-348-6135,eu.accumsan.sed@yahoo.edu
1-370-101-7627,netus.et@outlook.couk
(849) 767-4282,tellus.justo@hotmail.couk
(552) 190-6645,sem@icloud.com
1-505-582-3618,tincidunt.orci@aol.com
1-287-456-3691,fusce.feugiat.lorem@google.com
1-532-780-3765,duis@google.net
1-467-290-7118,nunc.lectus@aol.couk
(175) 296-2833,a@aol.org
1-262-791-6827,duis.sit@hotmail.com
(782) 121-6246,enim@hotmail.couk
1-245-807-4445,bibendum.ullamcorper@hotmail.couk
1-498-437-3481,viverra@outlook.edu
(869) 637-2439,ac.orci@icloud.org
(351) 733-2382,magnis@hotmail.net
1-204-482-5143,justo.sit@aol.com
(789) 953-8078,donec.at@yahoo.couk
1-100-849-4450,feugiat.placerat.velit@hotmail.edu
(781) 751-6263,eget.volutpat@icloud.ca
1-773-991-3281,bibendum.fermentum.metus@yahoo.ca
1-618-533-0951,tempor.arcu@google.edu
(579) 777-3624,egestas.aliquam.fringilla@hotmail.ca
1-457-344-4147,proin@protonmail.com
1-568-636-7564,nonummy.ipsum.non@aol.net
1-814-378-5569,parturient@aol.edu
(948) 216-3654,auctor.mauris.vel@google.org
1-651-286-2475,morbi.neque@icloud.couk
(229) 328-5752,non.lobortis@icloud.com
1-723-155-4857,arcu.aliquam.ultrices@google.org
1-655-241-4576,molestie@protonmail.org
(441) 458-0292,maecenas@yahoo.edu
(944) 142-1679,proin.vel.arcu@yahoo.ca
(395) 198-1686,aliquam@icloud.ca
(198) 875-1033,egestas.fusce.aliquet@aol.org
(323) 372-6044,duis.mi.enim@google.net
1-483-631-1447,luctus.lobortis@yahoo.org
1-837-650-6637,non.enim.mauris@outlook.edu
(346) 497-8845,lectus@outlook.couk
1-238-343-2555,fusce.aliquam@protonmail.org
1-515-559-7623,suspendisse@icloud.edu
(233) 342-1569,neque@google.edu
(718) 305-4061,sit.amet@aol.edu
(497) 249-1824,et.commodo@protonmail.com
(445) 236-8848,arcu.vestibulum@yahoo.com
1-277-358-0773,velit@protonmail.net
1-572-965-2877,mi.aliquam.gravida@icloud.couk
(774) 805-6514,ut@outlook.edu
(950) 631-9770,libero.at@outlook.org
1-711-361-8245,aliquam@hotmail.ca
1-851-685-5264,consequat.enim@icloud.net
1-598-674-0433,nam.ac@google.com
1-277-582-8523,malesuada@aol.couk
1-736-667-5359,vitae.erat@google.net
1-422-870-5892,ligula.nullam@outlook.net
(333) 472-5141,sodales.elit@hotmail.net
1-675-119-4654,commodo@protonmail.edu
(337) 842-3214,risus.in@google.edu
1-674-362-4163,ipsum.leo@hotmail.com
1-394-367-1582,suspendisse.ac@outlook.org
1-724-740-1473,nunc.interdum.feugiat@yahoo.couk
(412) 767-1538,eu.nulla@outlook.net
1-233-460-7111,in@icloud.ca
1-672-637-5311,consequat.auctor.nunc@hotmail.org
(486) 732-9594,sagittis.placerat.cras@protonmail.couk
1-686-582-4435,in.magna.phasellus@yahoo.com
(827) 823-8353,interdum@icloud.edu
1-762-505-3454,nisl.elementum@aol.couk
(323) 333-4841,sit@google.com
(685) 287-8865,donec@icloud.net
1-527-447-3641,mauris.id.sapien@outlook.net
1-531-323-5155,rutrum@icloud.org
(840) 506-4689,ac.mattis@protonmail.ca
(537) 807-1224,nam.consequat@icloud.org
(272) 356-8283,lorem.ipsum@icloud.net
(247) 882-8867,sociosqu.ad@hotmail.net
(413) 862-2080,urna.justo@outlook.couk
1-662-858-1466,id@outlook.edu
(354) 682-4886,torquent@outlook.org
(242) 882-6245,lectus.pede@yahoo.net
(137) 777-4675,egestas@yahoo.ca
1-288-598-2421,aliquam.eros@icloud.edu
1-681-317-8322,libero.at.auctor@google.org
1-920-564-9545,quis.massa@yahoo.net
(847) 814-0432,nulla.in.tincidunt@protonmail.couk
(240) 248-4356,erat.sed@yahoo.org
(881) 886-1783,et.tristique.pellentesque@yahoo.com
1-320-368-6783,odio.aliquam.vulputate@icloud.net
1-113-372-4511,enim.gravida@aol.edu
(268) 396-4637,at.arcu@outlook.net
(307) 556-3075,dis.parturient.montes@protonmail.com
1-912-756-1752,fermentum@yahoo.couk
1-826-525-6483,nullam.velit@google.com
(413) 678-2226,ac.mi@yahoo.couk
(573) 361-1531,ornare.sagittis.felis@yahoo.ca
(906) 736-1469,vel.convallis@yahoo.ca
1-633-218-2714,leo.cras@protonmail.com
1-683-594-6376,nisi@icloud.ca
(652) 136-1316,luctus.ut@outlook.ca
(483) 332-4867,nulla@protonmail.net
(666) 221-7670,molestie.in@icloud.ca
(588) 295-2171,nunc.in@hotmail.com
(838) 217-9688,cras.eu@protonmail.com
(441) 521-6115,ac.arcu@outlook.org
1-823-935-2783,sem.semper@outlook.org
(507) 560-7193,gravida.nunc@hotmail.couk
1-172-635-7235,velit.quisque@icloud.ca
(398) 936-1646,gravida@aol.net
1-496-531-4882,neque.sed@protonmail.edu
(146) 736-8127,eget.metus@aol.net
1-723-273-7666,eu.odio@hotmail.org
1-369-471-0522,montes.nascetur@hotmail.edu
1-577-552-3485,libero.est.congue@yahoo.com
1-953-386-2143,sagittis.augue.eu@protonmail.org
1-546-218-8489,lorem.lorem@yahoo.couk
(473) 667-4467,molestie.sodales.mauris@yahoo.edu
1-616-796-5870,lacus.vestibulum.lorem@aol.org
1-526-707-8918,vestibulum@hotmail.org
1-153-339-9664,nulla.donec@google.com
1-323-491-1874,et.ipsum@aol.edu
1-229-425-2534,maecenas.iaculis.aliquet@hotmail.couk
1-871-659-1686,vel.mauris@aol.org
1-652-647-1662,non.cursus@outlook.org
1-402-933-5106,aliquam@google.edu
(311) 908-1159,pharetra@yahoo.couk
1-262-652-6141,etiam.bibendum@hotmail.ca
1-554-351-6156,vulputate.posuere@aol.ca
(546) 272-5186,auctor.velit@google.ca
1-862-637-8378,aliquet.diam.sed@outlook.org
1-446-442-7512,ipsum.non.arcu@aol.couk
1-968-867-7283,pellentesque.tellus@hotmail.net
1-291-624-2982,aliquet.diam@hotmail.org
1-926-448-5613,at@protonmail.edu
1-352-360-7485,mi@hotmail.couk
1-211-926-7898,nec.metus.facilisis@yahoo.com
(450) 783-8198,ac.eleifend.vitae@outlook.edu
1-864-216-6838,magna.a.neque@protonmail.net
1-827-710-9320,nibh.donec.est@hotmail.com
(802) 728-5524,quis.lectus.nullam@icloud.org
1-826-951-8011,nunc@outlook.ca
1-648-468-5556,augue.ut@icloud.couk
1-673-671-6321,neque.nullam@hotmail.ca
1-235-218-6776,dictum.proin.eget@aol.ca
(678) 272-3787,lobortis@hotmail.net
(408) 553-7285,rutrum@google.couk
(808) 417-7358,amet.ornare@protonmail.edu
1-971-644-4862,ipsum@yahoo.com
(657) 263-2054,mauris.suspendisse.aliquet@google.com
(268) 268-0349,pede.ac@hotmail.couk
1-214-551-3185,metus.facilisis@aol.edu
1-468-214-2337,sollicitudin.orci@google.net
1-638-421-2724,aliquam@hotmail.edu
1-815-125-2043,dolor.nonummy@google.com
(216) 872-3652,congue.in.scelerisque@protonmail.couk
1-858-357-8465,ornare.elit@hotmail.com
(521) 272-1874,enim@protonmail.ca
(714) 262-5048,quisque.ac.libero@outlook.com
(876) 632-3390,auctor.nunc@outlook.couk
(737) 581-1122,orci.adipiscing@icloud.edu
(888) 582-3573,velit@hotmail.ca
1-770-978-4440,ipsum.dolor@icloud.couk
(379) 736-7418,donec.tempus@outlook.couk
(624) 484-4035,quis@hotmail.com
1-488-574-0028,eu.eleifend@outlook.net
1-743-799-7735,tellus.phasellus@hotmail.net
1-414-248-7241,mauris.suspendisse@yahoo.ca
1-780-463-5856,ut.sem@aol.org
1-921-592-7858,cursus.integer@outlook.com
(620) 828-8422,vulputate@google.ca
(793) 581-4437,sed.eu@google.com
1-246-456-5265,ipsum@hotmail.couk
1-367-777-7182,semper.tellus@icloud.net
1-271-828-5864,rutrum.eu.ultrices@outlook.edu
1-893-785-4565,fringilla.porttitor@outlook.ca
(895) 838-6712,risus@google.couk
1-996-963-4840,rhoncus.id@icloud.net
(682) 512-1376,vitae.purus.gravida@hotmail.com
1-694-766-1826,ut.nisi.a@hotmail.couk
1-426-297-1044,sagittis@outlook.couk
(602) 188-1433,iaculis.nec@icloud.org
(224) 731-4367,vitae@aol.ca
(305) 571-3665,blandit@outlook.couk
1-463-985-1872,ornare.in@hotmail.ca
1-759-428-2123,at.pede.cras@google.edu
(433) 317-0544,ipsum.phasellus@hotmail.edu
1-814-436-2850,in.ornare@hotmail.ca
1-584-252-2169,eu@google.net
(869) 765-1637,sodales@outlook.edu
1-478-868-7112,rutrum.eu@icloud.net
1-315-465-1635,nulla.donec.non@outlook.edu
1-462-254-7625,amet@aol.ca
(263) 658-6282,a.ultricies.adipiscing@outlook.net
1-753-482-2267,praesent.eu@outlook.org
(681) 856-3809,cursus.purus@outlook.edu
1-659-837-5217,auctor@icloud.net
(647) 368-2091,integer.sem@yahoo.couk
1-384-666-3089,non.sapien@outlook.edu
1-388-525-7699,lacus@protonmail.couk
(321) 806-9436,cursus.nunc.mauris@icloud.edu
(326) 413-9437,ut.nec@yahoo.ca
(636) 779-8438,lectus@outlook.edu
1-550-475-6616,tristique@protonmail.com
1-512-361-9848,et.magnis@hotmail.edu
(745) 687-1200,integer.urna.vivamus@google.net
1-425-433-1853,amet@icloud.com
1-672-359-9267,facilisis@hotmail.ca
(558) 191-6318,luctus.felis@aol.net
1-629-249-2171,blandit@yahoo.edu
1-355-868-6759,erat.sed.nunc@aol.com
(499) 428-5729,condimentum.donec.at@aol.net
(513) 825-7557,tristique.neque.venenatis@outlook.ca
(892) 521-5823,augue.ac.ipsum@google.com
1-754-940-9755,vel.turpis@outlook.net
1-713-156-2860,nec@yahoo.org
1-334-515-1434,tempor.erat.neque@icloud.couk
1-611-363-6391,luctus.lobortis.class@yahoo.edu
1-586-734-6212,lacus@icloud.ca
(684) 245-1708,consequat.lectus@hotmail.edu
1-163-285-1242,mauris.integer.sem@icloud.com
(394) 810-4414,proin@protonmail.couk
(819) 297-1901,interdum.libero@yahoo.com
(928) 375-8046,lobortis.augue@protonmail.ca
1-603-217-5232,ut.mi@outlook.org
(211) 403-1343,nulla.in.tincidunt@icloud.ca
(712) 552-8288,a@protonmail.edu
(675) 757-9369,nibh.phasellus@aol.couk
(833) 970-8891,neque.in@outlook.couk
(401) 356-0466,urna.vivamus@yahoo.ca
(245) 350-8767,suspendisse.eleifend@hotmail.edu
(108) 828-1943,quis.turpis@icloud.org
1-113-738-4750,semper@aol.edu
1-596-555-8386,at.sem@outlook.com
1-844-540-7678,egestas.blandit@aol.couk
1-828-915-5396,donec@yahoo.org
(765) 732-1662,sapien.cras@aol.org
(326) 256-2284,enim@aol.org
1-634-466-1163,vestibulum.neque@google.couk
1-781-315-8625,nonummy.ipsum.non@google.org
(334) 565-4857,tellus@google.ca
(121) 280-0185,ut.tincidunt@aol.ca
1-719-641-1763,elementum@aol.org
1-167-344-7234,purus.gravida@outlook.net
1-482-923-3612,auctor.quis@protonmail.net
1-228-809-4839,integer.mollis@hotmail.ca
(741) 723-8372,nisi.a.odio@aol.net
1-256-333-1354,et.rutrum@aol.net
1-227-674-4780,donec.est@hotmail.org
(433) 135-6626,cum@aol.org
1-452-133-7544,consectetuer.adipiscing@google.org
(203) 914-6857,sed.turpis@hotmail.com
(221) 349-4262,duis.dignissim@protonmail.net
(296) 748-3151,diam.dictum@aol.org
1-533-664-9270,eu.ligula@aol.net
1-545-427-6562,mollis.nec@outlook.com
1-698-648-4252,malesuada@outlook.couk
1-617-610-3865,ante.dictum@icloud.net
(856) 346-3147,auctor.ullamcorper@icloud.com
(382) 725-1722,ante.blandit.viverra@outlook.com
(714) 848-6791,facilisis@google.couk
(668) 362-4751,auctor.non@icloud.net
1-715-168-3629,magnis@yahoo.couk
(646) 795-0548,turpis.egestas@protonmail.ca
(386) 892-2037,ac.urna@yahoo.org
1-637-788-0216,molestie.orci@yahoo.net
1-257-474-2747,vitae.sodales.at@icloud.com
1-325-638-4938,aliquam.gravida@outlook.org
1-458-652-7367,elit.sed@google.com
1-119-522-8469,praesent.eu@hotmail.net
1-159-215-9285,est.arcu@aol.com
(725) 753-2552,at@protonmail.net
1-482-385-7032,molestie.dapibus@google.ca
(827) 124-4831,augue.ac.ipsum@icloud.com
1-101-481-3676,tempor.arcu@yahoo.com
1-879-715-4401,erat@aol.org
(644) 351-4895,eu.tellus@google.couk
(478) 169-6872,justo.eu@hotmail.com
(574) 757-6772,aliquam.gravida.mauris@aol.couk
1-131-932-4566,mauris@hotmail.ca
(367) 206-9494,consectetuer.adipiscing@icloud.edu
1-486-565-0787,luctus.vulputate.nisi@icloud.net
1-346-219-6382,velit.eget@yahoo.com
1-245-274-6418,cras.pellentesque@aol.ca
(268) 572-2144,ut.pharetra.sed@yahoo.org
(428) 322-9127,porttitor.interdum.sed@outlook.couk
1-384-789-4311,non.luctus@aol.com
1-881-247-6812,proin.non@yahoo.edu
(746) 733-6247,mattis.integer@protonmail.edu
(280) 684-1478,hymenaeos.mauris@protonmail.edu
1-496-225-8376,dui.in.sodales@aol.couk
1-889-261-4281,quisque.varius@hotmail.com
(832) 357-8464,lorem.semper.auctor@yahoo.edu
(383) 340-7236,orci.donec@aol.net
1-224-911-7186,arcu.nunc@aol.net
(322) 827-6203,vestibulum.ante@aol.edu
(333) 358-2728,lacus@protonmail.edu
1-789-627-8419,tristique.senectus@outlook.com
(527) 147-1252,ornare.tortor@outlook.ca
(365) 981-5918,sed.orci@protonmail.edu
1-666-278-7449,metus.in@icloud.couk
(146) 365-4191,consectetuer.adipiscing@outlook.couk
1-142-728-2097,augue.porttitor.interdum@outlook.org
(383) 804-9721,ligula.donec.luctus@google.org
(876) 862-3015,tincidunt@google.org
(637) 384-7477,et.risus.quisque@outlook.net
1-146-315-4588,venenatis@icloud.org
1-494-700-6353,sapien.nunc.pulvinar@icloud.org
1-231-845-8614,accumsan.neque@icloud.net
(145) 614-5854,ornare.fusce.mollis@protonmail.edu
1-567-832-8736,morbi.non@google.net
(506) 136-5571,ultrices.a@yahoo.couk
(669) 575-2701,non.sollicitudin@protonmail.net
(433) 415-6034,vulputate.eu.odio@hotmail.couk
(388) 746-1115,phasellus.dolor@google.org
(501) 828-1381,pharetra.nam@yahoo.net
(411) 863-5856,rhoncus.proin@protonmail.org
(772) 801-3702,morbi.accumsan.laoreet@aol.couk
(894) 628-3312,eleifend.nec@outlook.ca
1-490-504-9149,eu@protonmail.org
1-936-652-1317,semper@protonmail.net
(889) 281-3132,eu@outlook.com
1-605-402-2461,lectus.convallis@icloud.net
(584) 460-3963,sit@aol.ca
1-770-679-8817,condimentum.donec@aol.com
(681) 641-5134,elit.aliquam@protonmail.edu
1-537-646-6218,ipsum.ac@aol.org
(572) 448-8616,mollis.dui@protonmail.ca
(355) 389-9056,pharetra.felis@yahoo.com
(522) 477-1415,aenean.massa@google.com
1-832-667-7337,gravida@aol.couk
(241) 667-8472,lacus@protonmail.edu
(830) 384-0387,tincidunt.dui@yahoo.edu
(386) 587-1486,ac@protonmail.couk
1-310-870-8789,auctor.velit.eget@google.couk
(578) 230-6879,magna.cras.convallis@protonmail.net
(369) 276-1859,aliquam@hotmail.edu
1-637-891-3634,suspendisse.commodo@protonmail.com
1-825-822-6227,rhoncus@google.net
(936) 261-9844,risus.morbi.metus@google.com
(213) 483-8026,nisl@icloud.edu
1-855-128-9198,ultrices.vivamus@hotmail.couk
(337) 968-6259,lobortis.quis@google.ca
1-768-172-4431,molestie.orci@icloud.net
1-568-564-6747,ut.aliquam@hotmail.couk
(753) 347-6849,integer@icloud.ca
1-584-564-6602,fermentum.metus@icloud.org
1-149-504-4673,mauris.blandit.mattis@yahoo.edu
(491) 987-2912,sem@yahoo.org
1-721-551-1165,arcu@outlook.couk
1-887-475-7215,sed.sapien@hotmail.net
1-436-724-8670,non@protonmail.edu
(791) 825-5615,cubilia.curae@yahoo.org
(631) 625-4182,lorem.eget.mollis@outlook.org
1-758-319-8128,dolor.sit.amet@aol.net
(615) 632-4328,nisl.sem@google.net
1-797-645-3218,ac@hotmail.couk
1-948-553-6841,quam.elementum.at@google.net
(139) 368-7314,luctus.vulputate.nisi@hotmail.com
1-533-253-6721,consequat@icloud.ca
(861) 802-8526,venenatis.a@outlook.com
(372) 542-2923,mauris.integer.sem@aol.couk
1-781-877-7933,auctor.quis@yahoo.org
1-861-258-3835,pede.et@google.ca
(468) 780-4546,luctus.ut@google.org
1-432-723-5682,nunc.mauris.elit@yahoo.net
(531) 616-7237,rhoncus@icloud.com
(147) 727-2582,amet.lorem@protonmail.com
1-424-877-3384,ac.facilisis.facilisis@icloud.ca
1-764-370-2145,nibh.quisque@aol.org
1-291-615-3277,quisque.ac.libero@yahoo.edu
(499) 928-0197,volutpat@icloud.net
1-755-729-2272,quis.diam@google.couk
(539) 818-1727,pede.ultrices@yahoo.edu
1-948-862-1436,facilisis@icloud.net
(333) 212-5746,lacinia.mattis.integer@yahoo.net
1-297-658-6462,blandit.mattis@outlook.net
1-874-902-3613,urna.justo.faucibus@yahoo.net
(787) 544-3051,erat.volutpat@hotmail.org
1-188-464-3827,accumsan@aol.net
1-431-587-2754,volutpat.nunc.sit@google.ca
1-557-507-4747,fames.ac@aol.com
1-457-682-8115,arcu@outlook.com
(195) 560-3171,accumsan.interdum.libero@hotmail.edu
1-666-312-3323,ac.mattis.velit@icloud.com
1-745-133-3038,aliquam@google.org
(636) 733-8482,at.pede@hotmail.ca
(962) 633-4677,lorem.eget@protonmail.edu
(930) 466-1598,dictum@outlook.net
(476) 346-6824,justo.faucibus.lectus@hotmail.org
(787) 690-4836,nec.malesuada@hotmail.org
(806) 552-5040,in.condimentum@protonmail.ca
1-776-531-8081,nisi.dictum.augue@protonmail.couk
1-432-825-4741,orci.sem@google.com
(204) 828-7973,ligula.donec@protonmail.edu
(716) 759-3368,molestie.sodales@yahoo.couk
(815) 898-7601,odio@google.ca
1-674-315-4488,eu.tellus.phasellus@protonmail.org
1-663-137-4979,vestibulum.ante@yahoo.couk
(575) 479-1506,nisl@yahoo.com
1-244-723-6591,sed.et@google.com
1-773-515-4187,lobortis@hotmail.ca
(685) 557-9678,lobortis@yahoo.com
1-421-265-0685,nisi.sem@protonmail.couk
1-773-540-3377,odio@hotmail.edu
1-886-787-3528,non.luctus@outlook.com
(836) 393-5415,lobortis@google.couk
(413) 576-7887,libero@aol.com
1-682-196-6925,cras@google.edu
1-275-276-3380,scelerisque.sed.sapien@google.com
1-625-534-1333,nec.tellus.nunc@icloud.com
(601) 243-0645,et@protonmail.ca
1-462-258-1413,luctus@aol.com
1-512-754-2616,sed.sem.egestas@aol.org
(906) 919-4730,magna.nam.ligula@icloud.com
1-518-235-8627,dis@aol.ca
1-424-471-7749,lorem.eu.metus@hotmail.ca
1-465-103-7428,ante.vivamus.non@google.couk
1-726-434-6335,dictum.cursus@icloud.org
(847) 853-3289,odio@google.org
(725) 546-7349,et.magnis@google.org
(223) 517-9177,aliquet.lobortis@aol.com
(132) 519-3516,non.nisi@hotmail.ca
1-682-285-3185,sed@google.edu
(203) 213-6294,fusce.mollis@outlook.org
1-508-309-0938,neque.tellus@yahoo.com
(736) 735-5660,congue.in@aol.org
(429) 319-4322,orci.ut.semper@yahoo.ca
1-327-306-5926,ac@google.org
(382) 421-4494,pulvinar@outlook.ca
(651) 831-2611,mollis.nec.cursus@yahoo.couk
1-564-466-6081,egestas.urna@icloud.ca
1-643-322-4280,donec.porttitor@yahoo.ca
(533) 107-7584,luctus.ut@google.couk
1-181-796-8772,nec.cursus.a@protonmail.net
1-687-376-3784,vivamus@yahoo.edu
1-945-836-6346,consequat.enim@aol.edu
1-332-141-9959,non.massa.non@outlook.ca
1-965-527-2061,dictum.augue@protonmail.org
(234) 565-2397,libero.at@hotmail.couk
(511) 395-1718,donec.tempus@icloud.com
1-321-487-1850,sed.sapien@protonmail.org
1-355-730-6474,orci@icloud.couk
1-475-215-6565,velit.sed@yahoo.couk
(813) 409-2153,volutpat.nulla@google.com
1-934-608-7513,vulputate@google.com
(555) 541-4789,consequat.lectus@outlook.com
(512) 704-0416,aliquet@aol.edu
1-886-547-4215,eu.metus.in@yahoo.org
1-221-341-1521,vel.arcu@google.edu
1-761-714-2408,tincidunt.pede.ac@icloud.net
(646) 761-5532,inceptos.hymenaeos@google.org
1-276-724-0394,aenean@hotmail.org
(938) 510-7078,et@protonmail.edu
1-923-566-0486,orci@outlook.edu
(446) 737-1115,leo.in@google.net
(116) 865-9370,eget@protonmail.com
(501) 578-6775,pede.ac.urna@icloud.edu
1-711-396-3377,libero@yahoo.ca
1-269-552-2633,consequat@hotmail.edu
1-553-636-5705,mi@aol.com
(782) 325-8484,luctus.curabitur@yahoo.org
(278) 846-4821,erat.in@aol.edu
(852) 279-5073,aliquam.erat@aol.org
1-510-155-4556,eu.metus.in@google.ca
(713) 978-1463,sed.consequat.auctor@outlook.ca
(631) 914-2184,risus.varius.orci@google.couk
(941) 389-5552,enim.commodo@protonmail.net
1-251-888-2784,elit.pharetra@google.net
(412) 958-6153,non.vestibulum@yahoo.org
1-878-435-8607,tincidunt@outlook.ca
(773) 708-6118,ut.sem@outlook.org
1-247-431-3517,ipsum.dolor.sit@google.couk
1-447-305-3236,nulla.interdum.curabitur@google.org
1-474-526-8518,dui@yahoo.couk
(428) 286-0281,lectus.rutrum.urna@outlook.net
1-354-967-6143,elit@aol.edu
1-371-326-8451,lacus.cras@yahoo.edu
(389) 741-9515,lorem@aol.edu
(127) 224-2838,sit@outlook.org
1-374-613-7587,pharetra@protonmail.ca
1-257-445-6187,ultricies.adipiscing@icloud.couk
(481) 759-1415,sociis@yahoo.com
1-873-469-9848,sagittis.nullam@google.ca
(154) 332-6143,et.arcu@aol.edu
(871) 565-7719,mollis.non@outlook.net
1-536-646-0049,nec.mauris@hotmail.edu
1-552-547-5678,sit.amet.ante@protonmail.ca
(786) 425-4935,feugiat.metus@outlook.couk
1-413-437-4466,et@aol.com
(671) 187-2425,ornare.placerat.orci@google.org
(313) 318-1133,id@icloud.com
(511) 668-1213,enim.consequat.purus@yahoo.org
(486) 840-3534,velit.dui.semper@protonmail.edu
1-766-836-1322,egestas.fusce@outlook.com
1-484-147-4629,pede@yahoo.net
1-324-522-6811,magnis@outlook.org
1-558-316-9488,enim.etiam@outlook.ca
(457) 927-1694,integer.vulputate.risus@protonmail.net
1-748-613-8444,nunc.nulla.vulputate@yahoo.ca
(636) 682-8642,lorem.fringilla@icloud.ca
1-743-244-5739,magna.suspendisse.tristique@google.couk
(413) 574-9764,donec.nibh.enim@yahoo.couk
1-284-270-2852,molestie.pharetra@aol.net
1-902-114-4377,ante.vivamus@outlook.net
(441) 533-2199,arcu@google.ca
1-621-607-3880,nunc.lectus@icloud.ca
(524) 240-6883,ut.nec.urna@outlook.com
(539) 391-3433,a@protonmail.couk
(251) 722-4577,rutrum.lorem.ac@yahoo.net
1-672-282-7920,in@aol.ca
1-337-255-6336,tincidunt.nunc@google.couk
(591) 253-2525,sed@google.ca
1-184-323-5913,hendrerit.donec@aol.net
1-818-699-2476,quisque@protonmail.net
1-174-142-8761,tempus.mauris.erat@aol.com
(384) 622-7965,dictum@hotmail.edu
1-845-138-7937,ante.dictum.cursus@icloud.edu
1-287-246-7248,non@protonmail.edu
(725) 891-7279,erat.vivamus@google.net
(461) 875-1674,magna.praesent@icloud.org
(350) 113-8268,nunc.sollicitudin@hotmail.edu
(786) 844-7493,ad.litora.torquent@yahoo.net
1-481-856-2926,sem@aol.couk
(716) 661-3244,urna.vivamus@aol.edu
1-646-336-4232,sed@yahoo.org
(727) 294-8064,blandit.viverra@google.com
1-847-412-4374,lobortis.tellus@google.org
1-306-435-8886,neque.nullam@aol.com
(224) 361-6229,cras.dictum@icloud.org
1-204-938-8946,nam.tempor@google.couk
1-176-478-5133,tempus.scelerisque.lorem@hotmail.com
(538) 653-3571,enim.etiam.imperdiet@outlook.net
(310) 278-4994,a.aliquet.vel@icloud.com
1-452-242-6411,accumsan.neque@yahoo.ca
1-183-683-5391,iaculis@google.net
(487) 524-0376,cursus.et.magna@yahoo.ca
(787) 336-4743,sagittis.felis@outlook.ca
1-382-332-7719,vivamus.euismod.urna@icloud.org
1-996-926-9690,nibh.dolor.nonummy@yahoo.net
1-532-390-0468,penatibus@hotmail.couk
1-722-769-4676,ac.facilisis@protonmail.com
1-339-223-2133,metus.vitae@outlook.com
1-791-482-8270,sit.amet@outlook.com
(482) 269-0187,fermentum.risus@yahoo.org
1-901-350-9657,vestibulum.nec@yahoo.com
1-837-952-0884,odio.phasellus@aol.org
(212) 647-7331,purus.accumsan.interdum@outlook.com
1-612-279-5620,massa.non@yahoo.edu
(867) 203-2775,aliquam.eu@google.ca
(807) 525-3542,parturient.montes@icloud.org
1-595-128-7268,nunc.mauris.sapien@outlook.couk
(899) 184-7584,adipiscing.lobortis.risus@google.org
(957) 654-8888,faucibus@outlook.com
(204) 189-1830,ante.blandit.viverra@hotmail.couk
(227) 322-3271,semper.dui@outlook.net
1-969-886-2744,mus.proin.vel@hotmail.org
(687) 526-3102,vestibulum.ut.eros@aol.com
(172) 733-1386,quisque@icloud.net
1-890-776-8764,mauris.sagittis@aol.org
1-604-886-6366,nisi.a@yahoo.org
1-526-680-7323,mauris.sapien@protonmail.net
(450) 571-7585,tincidunt.dui@protonmail.org
1-589-247-2386,tortor.nunc.commodo@protonmail.org
1-589-634-0490,ante.bibendum.ullamcorper@yahoo.ca
1-274-715-8643,et.lacinia.vitae@outlook.net
1-835-750-6746,porttitor.eros@outlook.edu
(388) 927-2085,mus.donec@aol.com
1-655-463-1650,nisi.dictum@aol.com
1-617-138-3488,orci@protonmail.org
(143) 347-0642,adipiscing.lacus@protonmail.couk
(513) 484-1653,erat@icloud.couk
1-833-813-6512,id.blandit.at@google.org
1-479-698-2841,duis@aol.couk
1-239-492-6828,faucibus@protonmail.org
1-934-734-9296,sapien@aol.ca
1-362-612-8074,donec.egestas@aol.ca
(211) 175-4435,ullamcorper@hotmail.couk
(441) 478-0948,purus.duis.elementum@aol.edu
1-986-323-5289,non.lorem@outlook.net
(324) 432-4036,dictum.placerat@icloud.org
(363) 966-8180,quam@icloud.org
1-573-338-6242,quisque.ornare@aol.com
(477) 234-8615,amet@aol.com
(212) 234-1161,tempus@hotmail.ca
1-961-354-1394,id.mollis.nec@aol.edu
1-673-911-5871,non.lacinia@hotmail.couk
1-460-324-7376,elit@google.edu
(726) 281-8674,varius.ultrices@yahoo.net
1-364-366-2823,ullamcorper.duis@yahoo.ca
(252) 833-6838,enim.sed@hotmail.ca
1-645-589-6113,id.sapien.cras@outlook.couk
(889) 937-6373,convallis.in@hotmail.com
(234) 487-3663,at@yahoo.org
(804) 776-0247,at.iaculis@outlook.org
1-531-478-3470,sed.dictum.eleifend@outlook.ca
1-968-482-1637,magna.sed@aol.couk
(727) 412-2303,ridiculus.mus@hotmail.couk
(544) 378-8151,sem.pellentesque@outlook.org
1-481-346-5699,cursus@hotmail.net
(733) 270-2532,tristique.neque@yahoo.edu
1-722-701-2022,non.cursus@yahoo.com
(516) 564-4851,mauris.vestibulum.neque@outlook.com
(788) 357-8172,diam.eu.dolor@outlook.org
1-868-449-8255,dui.augue.eu@aol.ca
(775) 281-2841,luctus.curabitur@yahoo.couk
1-123-883-1862,magna.phasellus.dolor@aol.ca
1-878-752-8507,sodales.purus@yahoo.org
1-274-600-5590,dui.in.sodales@aol.couk
(688) 924-4893,tempor.diam@hotmail.edu
(467) 431-4207,lobortis.augue@yahoo.edu
1-955-883-5647,vitae@protonmail.edu
(554) 255-6899,libero@google.ca
1-446-659-5857,etiam.bibendum.fermentum@outlook.couk
(336) 117-6407,ut.eros@outlook.com
(406) 982-6737,nunc.sed.pede@outlook.org
1-739-772-5156,diam.proin@hotmail.couk
1-668-342-4987,suscipit.nonummy@hotmail.net
1-610-263-3562,class.aptent@aol.net
(572) 532-5816,ornare@hotmail.org
1-634-291-0421,adipiscing.lacus@icloud.edu
(554) 463-5043,ornare@aol.couk
1-749-975-7638,hendrerit.neque@icloud.edu
1-193-711-3717,a.odio@outlook.com
(242) 652-9713,turpis.nulla@protonmail.net
1-863-483-4723,mauris.id@yahoo.edu
1-755-463-1472,vestibulum.mauris.magna@google.couk
1-214-838-4777,nec@icloud.edu
(533) 757-2496,blandit.enim@outlook.org
1-437-656-5691,facilisis.lorem.tristique@google.net
1-506-107-4361,cum.sociis@protonmail.com
(800) 846-9389,elit.nulla.facilisi@yahoo.org
(665) 734-5046,dictum.cursus.nunc@outlook.ca
1-579-847-5646,erat.eget@protonmail.couk
(688) 417-2649,tempus.eu@protonmail.ca
1-956-831-5135,mattis@protonmail.couk
(274) 796-8164,mi@protonmail.couk
1-331-373-6440,pellentesque@outlook.net
1-654-513-8725,sociis@icloud.ca
(433) 383-9750,egestas@hotmail.com
(320) 298-2684,iaculis.quis@aol.ca
1-222-318-4312,laoreet.libero@yahoo.org
1-457-322-5651,odio.phasellus@hotmail.edu
(313) 733-7866,praesent@outlook.ca
1-681-722-7507,nisi.mauris.nulla@protonmail.ca
(255) 458-4881,tempor.augue@aol.org
1-650-783-4596,nullam.scelerisque@protonmail.couk
(451) 814-9282,sit.amet.ornare@yahoo.com
1-427-249-4197,eget.tincidunt.dui@google.net
1-943-215-2684,proin.mi.aliquam@icloud.couk
(785) 487-3251,neque.pellentesque.massa@google.net
1-776-634-2154,justo@hotmail.ca
1-343-942-4284,sem.consequat@yahoo.edu
1-760-475-8312,mauris@yahoo.couk
(286) 741-1318,mollis.vitae@icloud.edu
1-231-530-2808,suspendisse.commodo@protonmail.edu
1-747-114-0294,ligula.eu@google.couk
1-257-503-3786,dapibus@outlook.com
(848) 638-2166,eu.tellus.phasellus@google.couk
1-837-856-1387,proin.vel.arcu@outlook.couk
1-434-517-9964,eleifend.nec@aol.edu
1-734-392-0644,dignissim.pharetra@aol.ca
(601) 382-1013,turpis@yahoo.edu
1-438-161-8213,non@protonmail.couk
1-211-206-3778,eros.proin@hotmail.ca
1-499-431-7104,ante.maecenas@icloud.com
1-348-898-3712,adipiscing.lobortis@yahoo.couk
(605) 698-7629,porttitor.scelerisque@icloud.couk
(440) 583-9542,nullam.lobortis@yahoo.com
(383) 585-9762,orci@outlook.ca
(956) 166-6254,sapien.gravida@yahoo.net
(737) 938-2854,lorem.donec.elementum@outlook.edu
1-735-718-6479,aliquet.lobortis@protonmail.org
1-657-263-1328,etiam.ligula@hotmail.couk
1-512-737-8965,non@google.org
1-748-706-1542,sem.mollis.dui@google.org
(516) 600-5866,etiam.laoreet@google.org
(474) 636-1424,ipsum@google.ca
1-997-820-5749,sodales.mauris.blandit@aol.couk
(564) 333-2743,nisi.dictum.augue@outlook.edu
(726) 488-3311,dui.augue@icloud.couk
1-433-307-3840,eleifend@google.com
1-694-767-7253,lacus.mauris@hotmail.com
(353) 736-1555,facilisis.non@protonmail.com
(401) 616-7613,dui.lectus@protonmail.org
1-915-703-1058,placerat.eget@protonmail.edu
1-275-625-2874,sed.diam@icloud.couk
1-546-271-5474,ut.dolor@hotmail.edu
(264) 250-6712,donec.vitae.erat@hotmail.ca
(257) 258-7316,adipiscing.lacus@icloud.org
1-774-567-0286,amet.ornare.lectus@protonmail.ca
(841) 425-2355,adipiscing.elit@protonmail.com
(745) 381-5894,massa.quisque.porttitor@aol.ca
1-885-856-3647,enim@icloud.ca
(481) 388-6621,nec.urna@yahoo.couk
(522) 276-8273,consectetuer.adipiscing.elit@hotmail.org
(441) 624-9122,ante@protonmail.org
1-812-222-0745,vestibulum@yahoo.ca
1-557-530-1123,sapien.molestie@outlook.edu
(381) 371-1756,scelerisque.dui@aol.edu
1-442-838-4511,lorem.fringilla.ornare@protonmail.com
1-626-273-2476,et.tristique@google.net
(563) 757-3957,leo.elementum@yahoo.edu
(286) 617-0757,velit@hotmail.com
(416) 289-7543,pede.nunc.sed@outlook.com
1-541-387-7977,rhoncus.proin.nisl@aol.couk
1-467-528-7838,cras.lorem@hotmail.org
(255) 395-6184,tellus.suspendisse@protonmail.edu
(883) 634-8603,in@protonmail.ca
1-424-814-4594,phasellus@outlook.net
(371) 214-5084,erat.volutpat@outlook.edu
1-354-827-3772,dui@google.couk
1-301-672-0220,id.ante@google.net
1-914-365-3532,a.facilisis@aol.net
1-501-621-7820,lacus@aol.com
(589) 955-9586,sem.pellentesque@protonmail.ca
(369) 434-7996,pede@yahoo.edu
1-676-604-3353,ipsum.dolor@yahoo.net
1-433-868-3957,nonummy.fusce@aol.org
(692) 566-3606,integer@aol.org
1-111-978-5124,suspendisse.sagittis@icloud.ca
(475) 358-6236,accumsan@protonmail.couk
1-700-653-3798,amet.diam.eu@google.couk
(732) 585-8531,dui@google.edu
1-341-211-7848,commodo.hendrerit@google.org
1-266-678-4728,metus@hotmail.ca
1-828-433-6101,aliquam.arcu.aliquam@icloud.edu
(414) 740-1818,natoque.penatibus.et@protonmail.com
1-608-572-9226,sem.magna@protonmail.org
1-474-278-2851,nisi.dictum.augue@protonmail.ca
1-893-621-8011,placerat.cras@google.couk
1-775-851-4806,tempor@outlook.ca
1-137-473-6455,viverra@outlook.net
(861) 224-6818,fermentum.fermentum@protonmail.net
1-353-326-2642,gravida.sit.amet@hotmail.com
(870) 577-8754,est@hotmail.couk
1-356-769-5445,bibendum.sed@icloud.edu
1-313-215-1167,sed.libero@aol.org
(236) 242-1727,nec@google.net
(885) 361-2725,penatibus.et@google.edu
1-982-960-4436,non.hendrerit.id@icloud.org
(824) 386-8923,a@google.com
1-476-311-5664,tempus@icloud.net
(445) 822-6393,erat.vel@icloud.net
1-586-526-0821,nunc.quis@hotmail.edu
1-373-576-4713,montes.nascetur@google.couk
(932) 218-5429,sed.consequat@hotmail.ca
1-842-562-8425,sit.amet@icloud.org
1-518-529-8430,tincidunt.aliquam@yahoo.org
1-203-861-8730,consectetuer.mauris@yahoo.com
1-733-200-0051,ridiculus.mus.proin@icloud.ca
1-565-724-3663,enim.diam@hotmail.net
(666) 544-2281,a@protonmail.com
1-450-551-4428,neque.et.nunc@protonmail.com
1-792-233-3551,feugiat.sed@outlook.net
1-675-229-4893,posuere.enim@icloud.ca
(545) 432-4928,erat.volutpat@hotmail.couk
1-958-582-2603,dis.parturient@outlook.edu
1-237-242-1386,aliquet.vel@outlook.org
(266) 867-0239,curae.phasellus@hotmail.edu
1-718-650-7015,enim.gravida@hotmail.edu
1-457-820-6685,blandit@aol.edu
(535) 369-3185,dolor.egestas@hotmail.org
(556) 141-9850,ut@google.ca
1-123-778-8806,massa.quisque@protonmail.com
1-484-177-8563,metus.facilisis.lorem@hotmail.com
(756) 439-3469,tempor.diam.dictum@aol.couk
(777) 535-2265,sed@icloud.edu
1-780-172-3175,lorem.sit@icloud.ca
(438) 193-7156,sed.orci.lobortis@aol.com
(651) 834-1958,ullamcorper.magna@aol.ca
(736) 888-2616,nisi.dictum.augue@hotmail.org
1-652-517-7454,amet.orci@aol.com
(319) 248-7332,justo.sit@google.net
(573) 863-4689,diam.sed@hotmail.edu
(437) 661-2255,mattis@yahoo.net
(893) 623-5831,dolor.quam@yahoo.ca
(694) 741-0787,enim.suspendisse@hotmail.couk
1-185-233-9787,ut.nulla@hotmail.edu
1-485-622-5443,lorem.luctus.ut@aol.edu
1-685-867-0843,lacus.etiam.bibendum@hotmail.edu
(826) 224-5576,at@outlook.net
1-746-617-5643,neque.pellentesque.massa@google.couk
(659) 388-4418,urna@yahoo.ca
(542) 838-7236,rhoncus.proin.nisl@hotmail.org
1-294-194-1041,feugiat.metus@aol.couk
1-618-310-9130,elit.pellentesque@google.ca
(397) 298-3172,et.magnis@icloud.edu
(151) 277-7165,a.feugiat@yahoo.edu
(702) 702-7256,lorem.fringilla.ornare@outlook.ca
(661) 542-3746,at.pede@yahoo.com
1-479-486-1166,felis.ullamcorper.viverra@yahoo.com
1-769-744-8340,velit.dui@google.edu
1-722-954-2854,amet.ultricies@yahoo.com
(127) 422-3681,dis.parturient@aol.org
1-117-416-6328,odio.phasellus@icloud.com
(247) 322-4574,vel.arcu@google.com
1-251-453-1052,eu.eleifend@hotmail.net
1-257-737-5171,malesuada@yahoo.com
1-815-648-6475,sociis.natoque@aol.edu
1-910-646-6638,lorem@icloud.couk
1-743-204-2171,aliquam.auctor@yahoo.net
(562) 713-6807,sem.ut.cursus@protonmail.com
(309) 867-2477,a@google.org
1-613-613-3069,sit@aol.org
(994) 944-4285,ac@outlook.couk
1-466-370-4240,odio@google.couk
1-111-848-2758,dolor.elit.pellentesque@hotmail.edu
1-316-418-8140,quam.quis.diam@icloud.net
(546) 274-4177,nonummy.ipsum.non@google.org
(130) 664-9687,at.iaculis@outlook.org
1-641-313-7187,ut.mi.duis@hotmail.ca
(532) 511-6847,aliquet@google.com
(716) 685-8156,dignissim.maecenas.ornare@aol.com
(157) 145-7594,at@icloud.ca
(867) 776-2860,feugiat.placerat.velit@icloud.ca
(447) 775-8497,cras.interdum@yahoo.org
(828) 225-7227,mollis.lectus.pede@google.org
(744) 433-5488,nunc.quisque.ornare@aol.edu
1-727-273-8107,facilisis.vitae.orci@google.net
1-516-736-7514,euismod.mauris.eu@outlook.org
(468) 242-9736,sit.amet@yahoo.edu
1-609-928-9563,a.aliquet@aol.edu
(412) 610-1528,nascetur@outlook.org
(331) 134-2753,orci.ut.sagittis@google.ca
1-777-981-7064,sed@icloud.ca
(411) 683-1724,at@hotmail.couk
1-425-778-6979,eu@aol.net
1-388-692-8194,etiam.imperdiet@hotmail.couk
1-785-394-6168,ac.fermentum@outlook.edu
(511) 458-4278,ullamcorper.viverra@google.couk
(695) 828-5159,lorem.vitae@google.edu
(641) 136-4361,erat.nonummy@yahoo.edu
(687) 567-6366,blandit.viverra@protonmail.com
1-762-733-7711,facilisi.sed.neque@yahoo.ca
1-771-419-3656,parturient.montes@aol.edu
(352) 853-2323,fusce.mollis@aol.net
(466) 775-9786,elementum@google.ca
1-563-282-9026,dictum.magna@outlook.org
1-601-477-6277,non@yahoo.couk
(448) 522-1787,curabitur.massa@google.net
1-618-718-7428,in.condimentum@google.couk
(357) 859-6525,iaculis@outlook.couk
(168) 548-2187,hendrerit.neque@protonmail.couk
1-676-225-1675,tellus@aol.ca
1-674-259-6812,quisque@google.net
1-413-373-3405,at.augue@yahoo.com
(866) 599-6182,nisi.dictum@protonmail.couk
(286) 613-0439,enim.nisl@protonmail.edu
1-363-414-4388,dui.quis@outlook.com
(454) 244-4264,at.velit.cras@icloud.net
(432) 607-3363,nisi.cum.sociis@yahoo.net
(389) 840-1374,quisque.nonummy@aol.couk
(413) 816-3012,non.hendrerit@hotmail.org
1-422-536-7748,posuere.cubilia@outlook.org
1-746-828-7019,donec.dignissim@google.ca
(540) 771-8884,vestibulum@outlook.com
(860) 361-7858,curabitur@hotmail.net
1-235-363-3346,dictum@aol.net
(106) 257-9073,in.magna@protonmail.net
1-714-923-0760,faucibus.ut.nulla@hotmail.net
(337) 701-2186,porttitor.scelerisque.neque@aol.edu
1-179-681-3553,taciti.sociosqu@hotmail.ca
1-515-655-2775,enim@icloud.com
1-855-805-7234,molestie@outlook.net
1-871-864-5434,non.justo@aol.ca
(629) 471-8423,quam@protonmail.net
1-800-393-5385,diam.lorem@hotmail.couk
1-687-411-3561,morbi.non.sapien@yahoo.ca
(631) 233-9436,morbi@yahoo.ca
1-747-212-0684,diam@outlook.ca
(381) 411-2647,ac.libero@yahoo.com
(701) 818-1930,et.ultrices@outlook.net
(438) 780-6700,dis.parturient.montes@aol.edu
1-245-157-9784,eu@aol.com
1-588-363-0541,eu.sem@google.couk
(261) 234-5705,dis@aol.ca
1-835-106-0633,dui.semper@google.ca
(561) 727-1472,vestibulum@icloud.edu
1-639-988-7539,nullam@yahoo.net
(981) 632-2712,sed.pede.cum@icloud.ca
(414) 280-3758,diam.nunc@outlook.edu
1-381-129-3246,lectus.rutrum@protonmail.ca
1-767-428-7352,ac@google.org
1-498-893-7933,dui.nec@protonmail.ca
(832) 416-5615,neque@google.org
(684) 760-5618,pretium.et@outlook.org
(219) 492-0817,duis.sit.amet@google.net
1-526-898-7478,in.lobortis@hotmail.ca
1-575-635-3046,malesuada.integer@hotmail.org
1-782-331-4124,ullamcorper.duis.at@protonmail.com
1-402-788-3556,ipsum.nunc.id@protonmail.edu
(544) 584-7186,consequat.lectus.sit@yahoo.net
1-877-797-6386,ac@google.edu
1-147-474-3577,gravida.sagittis@aol.net
(628) 489-1672,donec.elementum@hotmail.ca
1-866-556-1436,lacus@outlook.couk
(928) 244-6216,risus.nunc.ac@hotmail.com
(997) 354-1989,lectus.rutrum@hotmail.net
(476) 337-6055,ut.molestie@aol.net
1-322-387-1176,proin.vel@google.org
1-777-335-5221,dolor@yahoo.couk
1-617-451-0657,aliquam.ultrices@aol.org
1-362-273-8511,sapien.cras@yahoo.net
1-670-441-2611,volutpat.nulla.facilisis@yahoo.edu
1-384-934-8496,justo@aol.edu
(638) 235-1817,montes.nascetur.ridiculus@yahoo.org
1-885-381-1775,id.sapien.cras@google.couk
(109) 225-9447,auctor.non@aol.org
(179) 659-9186,euismod@yahoo.com
1-243-268-0815,malesuada.vel.convallis@yahoo.edu
1-659-992-7481,integer@protonmail.couk
1-745-690-7930,non.leo@outlook.couk
1-905-581-5383,magna.nec@protonmail.couk
(163) 485-1212,sagittis.placerat.cras@aol.edu
1-507-544-5220,adipiscing.elit@outlook.org
1-846-820-7688,ante.nunc@outlook.edu
1-450-486-3724,morbi.accumsan@icloud.com
1-273-264-4729,malesuada@protonmail.org
1-876-673-7447,a.odio.semper@yahoo.net
1-254-316-6144,vulputate.dui@protonmail.net
(884) 320-6797,adipiscing@aol.edu
(534) 868-0167,lacus.nulla.tincidunt@icloud.org
(566) 716-5738,elit.nulla@yahoo.couk
1-255-356-4255,erat@yahoo.edu
